// Auto-generated by quantize_model.py -- do not edit manually.
// INT8 quantized SPARK 1D CNN for TFLite Micro on ESP32-S3.
// Model size: 18904 bytes

#pragma once

#include <cstddef>

alignas(16) const unsigned char spark_cnn_model[] = {
  0x1c, 0x00, 0x00, 0x00, 0x54, 0x46, 0x4c, 0x33, 0x14, 0x00, 0x20, 0x00,
  0x1c, 0x00, 0x18, 0x00, 0x14, 0x00, 0x10, 0x00, 0x0c, 0x00, 0x00, 0x00,
  0x08, 0x00, 0x04, 0x00, 0x14, 0x00, 0x00, 0x00, 0x1c, 0x00, 0x00, 0x00,
  0x88, 0x00, 0x00, 0x00, 0xe0, 0x00, 0x00, 0x00, 0xec, 0x28, 0x00, 0x00,
  0xfc, 0x28, 0x00, 0x00, 0x04, 0x49, 0x00, 0x00, 0x03, 0x00, 0x00, 0x00,
  0x01, 0x00, 0x00, 0x00, 0x04, 0x00, 0x00, 0x00, 0x82, 0xd4, 0xff, 0xff,
  0x0c, 0x00, 0x00, 0x00, 0x1c, 0x00, 0x00, 0x00, 0x3c, 0x00, 0x00, 0x00,
  0x0f, 0x00, 0x00, 0x00, 0x73, 0x65, 0x72, 0x76, 0x69, 0x6e, 0x67, 0x5f,
  0x64, 0x65, 0x66, 0x61, 0x75, 0x6c, 0x74, 0x00, 0x01, 0x00, 0x00, 0x00,
  0x04, 0x00, 0x00, 0x00, 0x94, 0xff, 0xff, 0xff, 0x1a, 0x00, 0x00, 0x00,
  0x04, 0x00, 0x00, 0x00, 0x08, 0x00, 0x00, 0x00, 0x6f, 0x75, 0x74, 0x70,
  0x75, 0x74, 0x5f, 0x30, 0x00, 0x00, 0x00, 0x00, 0x01, 0x00, 0x00, 0x00,
  0x04, 0x00, 0x00, 0x00, 0xda, 0xd6, 0xff, 0xff, 0x04, 0x00, 0x00, 0x00,
  0x0b, 0x00, 0x00, 0x00, 0x69, 0x6e, 0x70, 0x75, 0x74, 0x5f, 0x6c, 0x61,
  0x79, 0x65, 0x72, 0x00, 0x02, 0x00, 0x00, 0x00, 0x34, 0x00, 0x00, 0x00,
  0x04, 0x00, 0x00, 0x00, 0xdc, 0xff, 0xff, 0xff, 0x1d, 0x00, 0x00, 0x00,
  0x04, 0x00, 0x00, 0x00, 0x13, 0x00, 0x00, 0x00, 0x43, 0x4f, 0x4e, 0x56,
  0x45, 0x52, 0x53, 0x49, 0x4f, 0x4e, 0x5f, 0x4d, 0x45, 0x54, 0x41, 0x44,
  0x41, 0x54, 0x41, 0x00, 0x08, 0x00, 0x0c, 0x00, 0x08, 0x00, 0x04, 0x00,
  0x08, 0x00, 0x00, 0x00, 0x1c, 0x00, 0x00, 0x00, 0x04, 0x00, 0x00, 0x00,
  0x13, 0x00, 0x00, 0x00, 0x6d, 0x69, 0x6e, 0x5f, 0x72, 0x75, 0x6e, 0x74,
  0x69, 0x6d, 0x65, 0x5f, 0x76, 0x65, 0x72, 0x73, 0x69, 0x6f, 0x6e, 0x00,
  0x1e, 0x00, 0x00, 0x00, 0x08, 0x28, 0x00, 0x00, 0x00, 0x28, 0x00, 0x00,
  0xec, 0x27, 0x00, 0x00, 0xd0, 0x27, 0x00, 0x00, 0xbc, 0x27, 0x00, 0x00,
  0xa0, 0x27, 0x00, 0x00, 0x84, 0x27, 0x00, 0x00, 0x6c, 0x27, 0x00, 0x00,
  0x1c, 0x27, 0x00, 0x00, 0x8c, 0x26, 0x00, 0x00, 0x7c, 0x1e, 0x00, 0x00,
  0x6c, 0x1d, 0x00, 0x00, 0x5c, 0x05, 0x00, 0x00, 0xcc, 0x04, 0x00, 0x00,
  0xfc, 0x00, 0x00, 0x00, 0xf4, 0x00, 0x00, 0x00, 0xec, 0x00, 0x00, 0x00,
  0xe4, 0x00, 0x00, 0x00, 0xdc, 0x00, 0x00, 0x00, 0xd4, 0x00, 0x00, 0x00,
  0xcc, 0x00, 0x00, 0x00, 0xc4, 0x00, 0x00, 0x00, 0xbc, 0x00, 0x00, 0x00,
  0xb4, 0x00, 0x00, 0x00, 0xac, 0x00, 0x00, 0x00, 0xa4, 0x00, 0x00, 0x00,
  0x9c, 0x00, 0x00, 0x00, 0x94, 0x00, 0x00, 0x00, 0x74, 0x00, 0x00, 0x00,
  0x04, 0x00, 0x00, 0x00, 0xca, 0xd7, 0xff, 0xff, 0x04, 0x00, 0x00, 0x00,
  0x60, 0x00, 0x00, 0x00, 0x0c, 0x00, 0x00, 0x00, 0x08, 0x00, 0x0e, 0x00,
  0x08, 0x00, 0x04, 0x00, 0x08, 0x00, 0x00, 0x00, 0x10, 0x00, 0x00, 0x00,
  0x28, 0x00, 0x00, 0x00, 0x00, 0x00, 0x06, 0x00, 0x08, 0x00, 0x04, 0x00,
  0x06, 0x00, 0x00, 0x00, 0x04, 0x00, 0x00, 0x00, 0x01, 0x00, 0x00, 0x00,
  0xeb, 0x03, 0x00, 0x00, 0x0c, 0x00, 0x18, 0x00, 0x14, 0x00, 0x10, 0x00,
  0x0c, 0x00, 0x04, 0x00, 0x0c, 0x00, 0x00, 0x00, 0x41, 0x15, 0x79, 0x10,
  0x61, 0xa5, 0x66, 0xa8, 0x02, 0x00, 0x00, 0x00, 0x02, 0x00, 0x00, 0x00,
  0x04, 0x00, 0x00, 0x00, 0x06, 0x00, 0x00, 0x00, 0x32, 0x2e, 0x32, 0x31,
  0x2e, 0x30, 0x00, 0x00, 0x36, 0xd8, 0xff, 0xff, 0x04, 0x00, 0x00, 0x00,
  0x10, 0x00, 0x00, 0x00, 0x31, 0x2e, 0x31, 0x34, 0x2e, 0x30, 0x00, 0x00,
  0x00, 0x00, 0x00, 0x00, 0x00, 0x00, 0x00, 0x00, 0xa0, 0xb9, 0xff, 0xff,
  0xa4, 0xb9, 0xff, 0xff, 0xa8, 0xb9, 0xff, 0xff, 0xac, 0xb9, 0xff, 0xff,
  0xb0, 0xb9, 0xff, 0xff, 0xb4, 0xb9, 0xff, 0xff, 0xb8, 0xb9, 0xff, 0xff,
  0xbc, 0xb9, 0xff, 0xff, 0xc0, 0xb9, 0xff, 0xff, 0xc4, 0xb9, 0xff, 0xff,
  0xc8, 0xb9, 0xff, 0xff, 0xcc, 0xb9, 0xff, 0xff, 0xd0, 0xb9, 0xff, 0xff,
  0x86, 0xd8, 0xff, 0xff, 0x04, 0x00, 0x00, 0x00, 0xc0, 0x03, 0x00, 0x00,
  0x1b, 0xca, 0xed, 0x59, 0xef, 0x36, 0xc8, 0xf1, 0x24, 0x22, 0xb9, 0x54,
  0xea, 0x07, 0x6e, 0x89, 0x0d, 0x91, 0xc9, 0xe0, 0x64, 0xc5, 0xe1, 0x97,
  0x30, 0x50, 0xe4, 0xbb, 0x74, 0x81, 0xf9, 0x19, 0x3e, 0x43, 0xad, 0x35,
  0x0b, 0x02, 0x9f, 0x18, 0x47, 0xe9, 0xe0, 0xc7, 0xe5, 0x7f, 0x45, 0xc1,
  0x9c, 0xd1, 0x41, 0xaa, 0xfe, 0xdd, 0x23, 0xf2, 0x4d, 0xfb, 0xbd, 0xa7,
  0xf3, 0xf4, 0xef, 0xef, 0x10, 0x81, 0x30, 0x29, 0x1d, 0x33, 0xcc, 0xde,
  0xd8, 0x4b, 0xfa, 0xc8, 0xf4, 0x22, 0xc3, 0xfd, 0xde, 0x33, 0x0e, 0x55,
  0xf2, 0x03, 0x28, 0xe2, 0x14, 0x35, 0x1f, 0xe9, 0xdb, 0xb6, 0xa3, 0x59,
  0x19, 0x3b, 0x08, 0x0b, 0xd8, 0xc0, 0x9f, 0xd4, 0x11, 0x31, 0x29, 0x21,
  0x81, 0xbc, 0x4a, 0x20, 0x37, 0x12, 0xea, 0xf6, 0x3c, 0xcc, 0x4a, 0x22,
  0xc1, 0x37, 0x5b, 0x1a, 0x24, 0x1a, 0xcf, 0xf5, 0xfe, 0xd9, 0xc6, 0xb0,
  0x0e, 0xf2, 0x56, 0xe4, 0xc4, 0x23, 0x0a, 0xc8, 0x46, 0xfd, 0x31, 0x17,
  0x18, 0xb3, 0xbb, 0x7f, 0xe7, 0xe4, 0x30, 0xec, 0x4f, 0x3c, 0x0e, 0x9e,
  0x08, 0xe6, 0x03, 0xc4, 0xcb, 0x13, 0x18, 0x2e, 0x19, 0x3f, 0xad, 0xd7,
  0xba, 0x7f, 0x55, 0xd0, 0x5c, 0xa5, 0xbe, 0x23, 0x01, 0x44, 0xb3, 0x96,
  0x3d, 0x2b, 0x16, 0xff, 0xb1, 0x46, 0x0a, 0xe4, 0x44, 0x16, 0xbc, 0xb4,
  0x9f, 0xeb, 0xcf, 0x06, 0x08, 0xc5, 0xc2, 0x18, 0x44, 0xb2, 0x05, 0x3b,
  0x81, 0xc7, 0xee, 0x1d, 0xb6, 0x31, 0x9d, 0x35, 0x66, 0xa6, 0xb9, 0x2b,
  0x04, 0x1b, 0x19, 0xca, 0x67, 0xf3, 0xe0, 0x2c, 0xe0, 0x32, 0x06, 0xec,
  0xfa, 0xc2, 0x07, 0x8e, 0x1d, 0x75, 0x9e, 0x18, 0x3f, 0xa4, 0x81, 0x6a,
  0xb1, 0xbc, 0x3c, 0xe8, 0x18, 0x18, 0x85, 0x0c, 0xe0, 0x36, 0x25, 0x0f,
  0xc1, 0xe1, 0xe6, 0xc4, 0xf8, 0x0f, 0x81, 0x33, 0x24, 0xf6, 0xd0, 0x31,
  0xba, 0x2e, 0x0b, 0x25, 0x06, 0xc7, 0x48, 0x41, 0xf9, 0x7f, 0x2c, 0xd6,
  0x2b, 0x02, 0x2b, 0x58, 0xee, 0x67, 0x12, 0x01, 0xc3, 0x33, 0x17, 0xc8,
  0xd0, 0x14, 0xd4, 0x92, 0xa9, 0xfc, 0x36, 0xd9, 0x96, 0x82, 0xc5, 0xd0,
  0xaa, 0xba, 0x35, 0xa1, 0x48, 0xa1, 0xf4, 0x15, 0xf9, 0xb5, 0x4f, 0x23,
  0xb9, 0x58, 0x48, 0x0d, 0x3a, 0xc5, 0x98, 0x2f, 0x00, 0x16, 0x18, 0xf6,
  0x81, 0x01, 0x52, 0xba, 0x98, 0x99, 0xb1, 0xd3, 0xa8, 0xdf, 0x81, 0xe7,
  0x00, 0xb9, 0x35, 0x37, 0xd6, 0xac, 0x07, 0x9e, 0x6e, 0xd6, 0x23, 0x15,
  0xb5, 0x3f, 0xe0, 0x96, 0x3c, 0xda, 0x18, 0x53, 0x2c, 0xbb, 0x1e, 0x60,
  0x53, 0x47, 0x65, 0x7f, 0xd8, 0xdc, 0xcc, 0xd7, 0x4d, 0x32, 0xf1, 0xb8,
  0x29, 0xe4, 0x4c, 0x17, 0x03, 0x4b, 0x32, 0x5a, 0xe7, 0x96, 0x4a, 0xc6,
  0xc9, 0x08, 0x28, 0xfc, 0x3d, 0x7e, 0xd6, 0xf9, 0x23, 0xfc, 0xa2, 0xfc,
  0x99, 0x32, 0xbf, 0xf8, 0xe2, 0x6c, 0xf0, 0xaf, 0xac, 0x56, 0x3f, 0x78,
  0xb1, 0xeb, 0x4d, 0xe9, 0xf4, 0x58, 0x13, 0xbd, 0x26, 0x02, 0x81, 0x48,
  0xfb, 0x30, 0x18, 0xce, 0x19, 0x9b, 0x9c, 0xe0, 0xb8, 0x1d, 0x07, 0x81,
  0x57, 0xc9, 0xc0, 0xf7, 0x12, 0x19, 0x6b, 0x4e, 0x53, 0x2d, 0x4b, 0x10,
  0xe8, 0xdf, 0x4b, 0xe4, 0xf5, 0xf7, 0xf3, 0xf4, 0xef, 0x1c, 0x25, 0x46,
  0xa3, 0x4c, 0x61, 0xee, 0x10, 0x30, 0x81, 0xcf, 0xc3, 0xd7, 0x1d, 0xd7,
  0x81, 0xb7, 0xcb, 0xd2, 0x18, 0x0e, 0xba, 0x31, 0xe1, 0x1f, 0x2e, 0x87,
  0x81, 0xb8, 0xc2, 0xdf, 0x23, 0x32, 0xcc, 0x24, 0xd4, 0xcb, 0xad, 0xee,
  0x8e, 0xf9, 0x99, 0x5c, 0x05, 0xf3, 0x88, 0x3d, 0xa6, 0x64, 0x4f, 0xcb,
  0x84, 0xeb, 0xcb, 0xe4, 0xcc, 0xde, 0xeb, 0x4c, 0x75, 0xf7, 0x1a, 0xf1,
  0x4d, 0x11, 0x7f, 0x90, 0xf0, 0xfd, 0x13, 0x46, 0x37, 0xc7, 0xdd, 0xcb,
  0x37, 0x0f, 0xca, 0x15, 0xea, 0x1f, 0x4c, 0xfb, 0xeb, 0x18, 0xa2, 0x02,
  0xf9, 0xde, 0x81, 0x18, 0x01, 0x3b, 0xf3, 0xec, 0x03, 0x76, 0xb9, 0xee,
  0xb5, 0xf8, 0x1b, 0x29, 0x34, 0xbd, 0xad, 0x61, 0xe9, 0xb8, 0xf1, 0x24,
  0xbf, 0x08, 0x68, 0x99, 0x2b, 0x02, 0xcc, 0xf3, 0xe7, 0x2c, 0x7f, 0xc1,
  0xcc, 0x34, 0x3e, 0x4e, 0x57, 0xf7, 0xf3, 0xc5, 0x20, 0x0c, 0xf9, 0x3f,
  0x4c, 0xf6, 0xd3, 0xb7, 0xc2, 0x24, 0x23, 0x0a, 0x4c, 0xc6, 0x89, 0xee,
  0x8a, 0xbe, 0xd2, 0x58, 0xc6, 0xd4, 0x97, 0x6e, 0x8c, 0x3a, 0x30, 0x3d,
  0x51, 0x48, 0xa3, 0x8a, 0xb3, 0x06, 0x33, 0xb0, 0x20, 0xb0, 0x2e, 0xbc,
  0xe3, 0xc5, 0xd7, 0x81, 0x1e, 0x71, 0x38, 0xf2, 0xcb, 0xee, 0xda, 0x64,
  0x28, 0x67, 0x41, 0x24, 0xcf, 0x17, 0xef, 0x66, 0xb8, 0x75, 0xd0, 0xdc,
  0x09, 0x7f, 0x05, 0xcd, 0x2b, 0xbe, 0x21, 0x58, 0x20, 0xc5, 0xd6, 0x0e,
  0x45, 0x72, 0x75, 0xb2, 0x39, 0x9a, 0xb7, 0xf9, 0x5a, 0x15, 0xdc, 0x0f,
  0xb3, 0x21, 0x7a, 0x05, 0x4f, 0x18, 0xeb, 0xf3, 0xfd, 0x75, 0xc0, 0x54,
  0x1e, 0x1c, 0xbf, 0xad, 0x81, 0x39, 0xde, 0x7f, 0x4f, 0xb4, 0x76, 0xb9,
  0xb4, 0x51, 0x0d, 0x55, 0x22, 0xf0, 0xa3, 0xc3, 0xe3, 0x30, 0xb4, 0xab,
  0xe9, 0xb8, 0xd0, 0x3a, 0xf4, 0x7f, 0x83, 0xa4, 0x5d, 0xc6, 0x3d, 0xf8,
  0x2d, 0x05, 0x14, 0x28, 0xe3, 0xdd, 0x11, 0x4b, 0x0e, 0x24, 0xe0, 0xf4,
  0x0a, 0x60, 0x05, 0xd0, 0x08, 0xd9, 0xe8, 0x61, 0xd7, 0x03, 0x1e, 0xef,
  0xe1, 0x7f, 0x24, 0x1e, 0x0e, 0x0b, 0x97, 0xc2, 0xda, 0x81, 0x07, 0xce,
  0x98, 0xc6, 0xf7, 0xe9, 0x32, 0xc2, 0xf5, 0xe3, 0x9c, 0x4e, 0xfb, 0xa9,
  0x29, 0x58, 0x9e, 0xd4, 0xeb, 0x6e, 0x06, 0xe9, 0x36, 0x1c, 0x9c, 0x2d,
  0xbd, 0x8d, 0x3d, 0x81, 0xc9, 0x2d, 0xe9, 0xde, 0x50, 0x01, 0xe8, 0xfc,
  0x1d, 0x50, 0xc2, 0x3e, 0x03, 0xca, 0x06, 0xea, 0xc7, 0xed, 0x0e, 0xf7,
  0xde, 0x7b, 0xd2, 0x4a, 0x1e, 0x03, 0x1c, 0xd6, 0x20, 0x5f, 0x81, 0x92,
  0xf8, 0x2a, 0x0c, 0x4c, 0x32, 0x12, 0x41, 0xc7, 0x2b, 0xa5, 0xe0, 0x4c,
  0xeb, 0xf5, 0xb8, 0xe7, 0x38, 0x3c, 0x1d, 0x1f, 0x97, 0x25, 0x54, 0x09,
  0x15, 0x70, 0x04, 0x38, 0x36, 0xfc, 0x05, 0x10, 0xcb, 0x1e, 0xa6, 0xcf,
  0xc1, 0x3c, 0xf9, 0x09, 0x8a, 0x3e, 0xe6, 0x22, 0x89, 0xb7, 0x85, 0xed,
  0x36, 0xaa, 0xf6, 0x81, 0xda, 0x94, 0xca, 0x34, 0xd3, 0xeb, 0xdd, 0x04,
  0xd0, 0xee, 0x0c, 0x01, 0x0c, 0x3f, 0xc4, 0x64, 0xea, 0x36, 0x1a, 0x15,
  0x22, 0x46, 0x05, 0x12, 0xf6, 0x25, 0xf8, 0x7f, 0x05, 0x24, 0x0e, 0x14,
  0x8a, 0xfe, 0x6a, 0x5f, 0x60, 0xe6, 0xf6, 0x57, 0x46, 0xc9, 0x10, 0xb0,
  0xfa, 0x07, 0x7f, 0xb3, 0xdc, 0x16, 0x14, 0x32, 0x2c, 0x17, 0xe7, 0xd2,
  0xce, 0xf3, 0x15, 0xfa, 0xd7, 0x48, 0x1c, 0x5a, 0x00, 0xc9, 0x29, 0xc0,
  0xa2, 0x7f, 0x0c, 0x0a, 0xd5, 0x16, 0x04, 0x1a, 0xe8, 0x28, 0xb5, 0xd6,
  0xc2, 0x55, 0xd4, 0xca, 0x10, 0xdf, 0xe6, 0x46, 0x42, 0xf4, 0xf7, 0x2d,
  0x52, 0xdc, 0xff, 0xff, 0x04, 0x00, 0x00, 0x00, 0x80, 0x00, 0x00, 0x00,
  0xff, 0xff, 0xff, 0xff, 0xff, 0xff, 0xff, 0xff, 0xfd, 0xff, 0xff, 0xff,
  0x00, 0x00, 0x00, 0x00, 0xff, 0xff, 0xff, 0xff, 0x00, 0x00, 0x00, 0x00,
  0x00, 0x00, 0x00, 0x00, 0x00, 0x00, 0x00, 0x00, 0x00, 0x00, 0x00, 0x00,
  0xff, 0xff, 0xff, 0xff, 0x00, 0x00, 0x00, 0x00, 0xff, 0xff, 0xff, 0xff,
  0xff, 0xff, 0xff, 0xff, 0xff, 0xff, 0xff, 0xff, 0xff, 0xff, 0xff, 0xff,
  0xff, 0xff, 0xff, 0xff, 0xff, 0xff, 0xff, 0xff, 0xff, 0xff, 0xff, 0xff,
  0xff, 0xff, 0xff, 0xff, 0xff, 0xff, 0xff, 0xff, 0xff, 0xff, 0xff, 0xff,
  0xfe, 0xff, 0xff, 0xff, 0xfe, 0xff, 0xff, 0xff, 0xff, 0xff, 0xff, 0xff,
  0xfe, 0xff, 0xff, 0xff, 0xff, 0xff, 0xff, 0xff, 0xfe, 0xff, 0xff, 0xff,
  0xfe, 0xff, 0xff, 0xff, 0x00, 0x00, 0x00, 0x00, 0xff, 0xff, 0xff, 0xff,
  0xff, 0xff, 0xff, 0xff, 0xfd, 0xff, 0xff, 0xff, 0xde, 0xdc, 0xff, 0xff,
  0x04, 0x00, 0x00, 0x00, 0x00, 0x18, 0x00, 0x00, 0x33, 0xe5, 0xac, 0x9d,
  0x2c, 0xf2, 0x0a, 0xe2, 0xba, 0x59, 0xd1, 0xad, 0xbb, 0x8a, 0x94, 0xe4,
  0xc1, 0xf2, 0xa2, 0x92, 0x99, 0x01, 0x43, 0xc5, 0xb1, 0x00, 0xd2, 0xd2,
  0xd2, 0xb0, 0x37, 0x34, 0x32, 0xb0, 0x2e, 0x28, 0xf0, 0x58, 0x22, 0xea,
  0xc5, 0xed, 0xdf, 0xa8, 0xad, 0x01, 0x81, 0x22, 0x0c, 0xe0, 0x36, 0xc1,
  0x15, 0xee, 0x3e, 0xd8, 0x9b, 0xe6, 0xec, 0xd7, 0x34, 0xd7, 0xef, 0x19,
  0x8c, 0xb5, 0xc4, 0x1a, 0xa4, 0xe8, 0xbe, 0xc7, 0x36, 0x30, 0xff, 0x49,
  0xf8, 0x2e, 0x09, 0x03, 0xe4, 0x3d, 0x08, 0xcb, 0x32, 0x4f, 0xd2, 0xf5,
  0x18, 0x59, 0x53, 0x0c, 0x38, 0xd8, 0x02, 0x14, 0xdf, 0xef, 0xb0, 0x01,
  0xe4, 0x0a, 0x41, 0x04, 0xdd, 0x14, 0xdb, 0x08, 0xd0, 0xf3, 0xd6, 0xd5,
  0x08, 0xeb, 0x0b, 0x97, 0xf9, 0xb8, 0xe2, 0xf0, 0x27, 0xb7, 0xe6, 0xfe,
  0xf4, 0xc4, 0xad, 0x81, 0xfe, 0xe7, 0x1d, 0x12, 0x13, 0xdb, 0x30, 0x1c,
  0xca, 0x2d, 0x22, 0xdf, 0xc8, 0xd8, 0x04, 0x25, 0xfc, 0xff, 0xd7, 0xd3,
  0x10, 0xd9, 0x10, 0xfd, 0x2e, 0xa2, 0xac, 0x19, 0x19, 0xc8, 0xfb, 0xb5,
  0x1c, 0xf4, 0x11, 0x26, 0x21, 0xdc, 0xe0, 0xfe, 0xbc, 0x3f, 0xe9, 0xf3,
  0x04, 0xd7, 0x0e, 0x22, 0xfe, 0x0c, 0xe2, 0x09, 0x28, 0xa4, 0xec, 0x40,
  0xbd, 0x8c, 0xfb, 0x0a, 0x2b, 0x21, 0x01, 0x9d, 0x16, 0xf4, 0xfa, 0xed,
  0xf5, 0xf8, 0xe9, 0xd6, 0xef, 0xe8, 0xba, 0xf2, 0x14, 0xca, 0x0c, 0x46,
  0x18, 0x09, 0x6a, 0x08, 0xfb, 0xed, 0x26, 0xd4, 0xfe, 0x22, 0x17, 0xf8,
  0xb1, 0x14, 0x0a, 0xf1, 0xf1, 0xe1, 0x02, 0xf3, 0x09, 0xef, 0xf7, 0xd9,
  0xcd, 0xf8, 0xbe, 0xda, 0x16, 0xcd, 0x0e, 0xe8, 0xf0, 0x0f, 0x1a, 0x18,
  0x1f, 0x0c, 0x2c, 0xfb, 0xdc, 0xf5, 0x2c, 0x0b, 0xed, 0xd2, 0x09, 0x0f,
  0xe8, 0x0b, 0x05, 0x0f, 0xfa, 0x2b, 0x0a, 0xf9, 0x81, 0xe7, 0xb4, 0xf5,
  0x08, 0xa8, 0x03, 0x06, 0x0f, 0x1b, 0x12, 0xe8, 0xde, 0xf0, 0x00, 0xdf,
  0x11, 0xe6, 0xf7, 0x1b, 0xf7, 0xb8, 0x09, 0x02, 0xcc, 0xd5, 0xe9, 0x1c,
  0xd7, 0xc4, 0x2d, 0x09, 0x4f, 0xbb, 0x87, 0x29, 0xda, 0x2f, 0xad, 0xec,
  0x43, 0x1e, 0xe4, 0xce, 0xed, 0x95, 0xc1, 0xd9, 0xce, 0x26, 0x3b, 0xa4,
  0xcf, 0x59, 0x42, 0x4c, 0x81, 0xfd, 0x2b, 0xad, 0xf3, 0xcc, 0x36, 0xc5,
  0xf9, 0xc0, 0xd4, 0x13, 0xa3, 0xc4, 0xa4, 0x19, 0x1d, 0x1c, 0x47, 0x32,
  0x32, 0x21, 0x15, 0xd0, 0xc0, 0xc8, 0xe0, 0xf6, 0xc8, 0xc5, 0x54, 0x71,
  0x9f, 0xc6, 0x3a, 0xb7, 0x0a, 0x3a, 0x43, 0x16, 0xf9, 0x96, 0xb8, 0x57,
  0xc6, 0x1b, 0xc9, 0xb5, 0x0c, 0xca, 0x11, 0x9f, 0xe0, 0x06, 0xd8, 0x8f,
  0xc6, 0xb0, 0x11, 0x8e, 0x40, 0x3b, 0xc9, 0x43, 0x23, 0x1c, 0xf0, 0x37,
  0xe5, 0xed, 0x32, 0xd0, 0xae, 0xdb, 0xfd, 0xf5, 0x0e, 0x2a, 0xdf, 0x28,
  0x11, 0x03, 0x19, 0xe6, 0x1b, 0xe2, 0xcb, 0xca, 0x30, 0x0e, 0x1c, 0x22,
  0xc1, 0xe4, 0x01, 0xac, 0xfa, 0x2c, 0xce, 0x06, 0x0a, 0xba, 0xf3, 0xb0,
  0x8c, 0x1c, 0xa8, 0xf2, 0xeb, 0xfb, 0xeb, 0xef, 0x26, 0x0c, 0xdc, 0xf1,
  0x09, 0xbb, 0xd5, 0x0b, 0x1d, 0x12, 0xf2, 0x25, 0xbc, 0x01, 0x0c, 0xd8,
  0xd8, 0xde, 0x21, 0x06, 0x15, 0xd2, 0x2a, 0xc0, 0x84, 0x24, 0x81, 0x08,
  0xed, 0x1f, 0x05, 0xba, 0x30, 0x08, 0x21, 0x29, 0xfb, 0xd6, 0x16, 0xc0,
  0xfa, 0x0a, 0xdc, 0xd5, 0xc8, 0xe6, 0xfa, 0xe4, 0x15, 0x3a, 0x2d, 0x05,
  0xdf, 0xe9, 0x8d, 0x02, 0x36, 0xc7, 0xde, 0xdb, 0xe3, 0xe4, 0xb5, 0x23,
  0x0c, 0xa8, 0x25, 0x4b, 0xd7, 0xf5, 0xfc, 0xfa, 0xf0, 0xb8, 0x37, 0x01,
  0xc4, 0xb4, 0x51, 0xa2, 0x39, 0x26, 0x26, 0x03, 0x8d, 0xb5, 0x8c, 0xf3,
  0x1e, 0xb1, 0x0b, 0xf8, 0xc3, 0xf5, 0xdb, 0x2d, 0xbf, 0xe6, 0x21, 0x46,
  0x32, 0x13, 0x51, 0xff, 0xf4, 0xa2, 0xf2, 0xec, 0xa4, 0x9a, 0x02, 0xf4,
  0x04, 0xc4, 0xef, 0xe1, 0xad, 0x03, 0x99, 0xe7, 0x13, 0xb8, 0xfd, 0x41,
  0x81, 0x22, 0x9d, 0x09, 0x08, 0x97, 0x25, 0xd6, 0x3d, 0xf5, 0x28, 0xdf,
  0x16, 0xa1, 0x99, 0x33, 0xb3, 0xfa, 0xb1, 0xde, 0x24, 0x25, 0x03, 0xd9,
  0xf6, 0xc1, 0xee, 0x1e, 0xf1, 0x27, 0x0f, 0xff, 0x15, 0xd3, 0x11, 0x16,
  0x14, 0x43, 0xfd, 0x28, 0x08, 0xb7, 0x21, 0x23, 0xaf, 0x29, 0xf1, 0xfd,
  0x25, 0xeb, 0x21, 0xe0, 0xd1, 0xc7, 0xe8, 0x1a, 0x18, 0x97, 0xed, 0xec,
  0xf0, 0x00, 0x03, 0xed, 0xd6, 0xc9, 0xe3, 0x14, 0xe4, 0x16, 0xcd, 0xea,
  0x04, 0xe0, 0xe9, 0x06, 0xc5, 0x18, 0x0e, 0xde, 0xd9, 0xe8, 0x31, 0x81,
  0xd2, 0xdd, 0xe0, 0x1d, 0x10, 0x8e, 0x39, 0x04, 0xcc, 0x16, 0xf5, 0xe8,
  0x12, 0xef, 0xd9, 0x10, 0x07, 0xea, 0x02, 0xc1, 0xc1, 0xd6, 0xbd, 0xf0,
  0xf5, 0x0a, 0xf4, 0x24, 0xdf, 0xf2, 0x23, 0xb1, 0xee, 0x28, 0x07, 0x1b,
  0x2f, 0xee, 0x03, 0xcd, 0xdf, 0xc8, 0xb2, 0xea, 0xff, 0x2e, 0xc3, 0xb9,
  0xe9, 0x15, 0x81, 0xcf, 0x22, 0xe1, 0xe6, 0xe7, 0x18, 0x22, 0xfe, 0xee,
  0xd8, 0xe9, 0x12, 0xa6, 0xde, 0x31, 0x03, 0x06, 0x2b, 0x03, 0xd0, 0xe6,
  0x50, 0x17, 0x0f, 0xf1, 0x12, 0x15, 0xe1, 0x0c, 0x1d, 0xd4, 0xc0, 0xc7,
  0xfb, 0x09, 0x09, 0xf8, 0x06, 0x19, 0x0e, 0x23, 0x19, 0x10, 0xa3, 0xcc,
  0xf7, 0x2e, 0xe4, 0x02, 0xef, 0x0d, 0xed, 0x00, 0x3e, 0x16, 0x0b, 0xe2,
  0xcb, 0x14, 0xb5, 0xf2, 0xf2, 0xb4, 0x81, 0xd5, 0xe9, 0x39, 0x20, 0xf3,
  0x1a, 0x2b, 0xd9, 0xdd, 0xdd, 0x02, 0xda, 0x07, 0xbc, 0xd4, 0xc9, 0xe6,
  0xb6, 0x0b, 0xcf, 0xcb, 0x4c, 0xb6, 0x24, 0xba, 0xd6, 0xb1, 0xe2, 0xe9,
  0x50, 0x8b, 0xca, 0x33, 0xc4, 0xbc, 0xd7, 0x13, 0x41, 0xd7, 0xf9, 0x0c,
  0xfb, 0x51, 0x06, 0xc0, 0x2d, 0x12, 0xce, 0xfb, 0xf8, 0xed, 0x9e, 0xef,
  0x0d, 0xf1, 0xff, 0xe3, 0xd6, 0x0c, 0x2d, 0xf4, 0x4f, 0x97, 0x0e, 0xef,
  0x0f, 0x02, 0xeb, 0x28, 0x13, 0xa6, 0x1c, 0xe3, 0xea, 0x27, 0x30, 0xb7,
  0x24, 0xde, 0xe3, 0xef, 0x02, 0x0e, 0xc7, 0xaa, 0x00, 0xdc, 0xe6, 0x54,
  0xf4, 0xd3, 0xed, 0xc5, 0x0d, 0xa4, 0x00, 0xba, 0xf5, 0xcc, 0x97, 0xff,
  0xf2, 0x81, 0xd6, 0x3e, 0xbc, 0x3a, 0xce, 0x9c, 0xe9, 0xff, 0x09, 0xe0,
  0x36, 0x36, 0x57, 0xe0, 0xf4, 0x16, 0x05, 0xf9, 0x2c, 0xd6, 0xd1, 0xc5,
  0xe0, 0x2c, 0x18, 0xcd, 0xfc, 0x22, 0x1e, 0x17, 0x37, 0xef, 0x0f, 0x37,
  0xfa, 0xd2, 0xeb, 0x30, 0xf6, 0xd4, 0x7f, 0xea, 0xe9, 0xdd, 0x38, 0xee,
  0x3e, 0x0b, 0xb0, 0xf1, 0xc7, 0xe6, 0x16, 0xde, 0x1f, 0xe9, 0xeb, 0xa8,
  0xd3, 0xfb, 0xc2, 0x1a, 0x07, 0xda, 0x45, 0xf3, 0xcb, 0xf5, 0x9c, 0xd9,
  0xab, 0x14, 0x48, 0x20, 0xf8, 0xe5, 0xf0, 0xef, 0xf9, 0xc5, 0x0b, 0x0d,
  0xec, 0xf8, 0x12, 0xcc, 0xd9, 0x28, 0x05, 0xf9, 0xec, 0xf8, 0x08, 0x15,
  0x01, 0xbf, 0x03, 0xf0, 0xf4, 0x1f, 0xd9, 0xc5, 0xed, 0x18, 0xdb, 0xef,
  0xe8, 0x29, 0xf6, 0x81, 0xab, 0xef, 0xa6, 0xf9, 0x0c, 0xbe, 0xea, 0xf5,
  0xb7, 0xd7, 0xc7, 0x08, 0xc5, 0xf3, 0xca, 0xe7, 0xfe, 0xdf, 0xde, 0xfe,
  0x1c, 0x2f, 0xdb, 0xc7, 0xe6, 0xdd, 0x1e, 0xde, 0x34, 0xd8, 0x2a, 0x98,
  0x08, 0xd8, 0x89, 0xfd, 0x05, 0x13, 0x19, 0x0a, 0xb1, 0x28, 0xc1, 0x15,
  0xa2, 0x20, 0x29, 0x23, 0x0c, 0xd9, 0x1c, 0xf3, 0xdf, 0x10, 0x03, 0xba,
  0xee, 0x29, 0x27, 0x18, 0x49, 0xda, 0x38, 0x0c, 0x18, 0xd9, 0x95, 0xd9,
  0xfd, 0x38, 0x18, 0x1e, 0xef, 0xfe, 0x3b, 0x23, 0xb6, 0x14, 0x25, 0xfc,
  0x08, 0x08, 0x20, 0x07, 0x04, 0x4a, 0xc8, 0xf4, 0x0b, 0x58, 0xe1, 0xf5,
  0xdd, 0x1a, 0xcc, 0xc4, 0xa0, 0x31, 0x1c, 0xf8, 0xe2, 0xa2, 0x33, 0xca,
  0x2b, 0xc9, 0xf7, 0x6b, 0x35, 0x14, 0xd5, 0x47, 0x1e, 0xb7, 0xdf, 0xd6,
  0xc2, 0x18, 0xa7, 0xd6, 0xf4, 0x39, 0xda, 0xf5, 0xcd, 0xe7, 0xd9, 0x1d,
  0xdc, 0xea, 0xf9, 0xd9, 0xdc, 0x01, 0x08, 0xe2, 0x32, 0x29, 0xc0, 0x47,
  0x30, 0x41, 0xa7, 0x28, 0x4d, 0xfd, 0xe0, 0x3d, 0x04, 0x16, 0xe6, 0xc4,
  0xf3, 0xd5, 0xdc, 0x18, 0xe6, 0xdb, 0x01, 0xf2, 0x81, 0x19, 0xa6, 0x27,
  0xd4, 0xdb, 0xfe, 0xd2, 0xfb, 0xd0, 0xc1, 0x63, 0x14, 0x13, 0x1c, 0xf4,
  0x47, 0x14, 0xb6, 0x24, 0xc3, 0x0c, 0xd5, 0xc7, 0x14, 0x53, 0x4d, 0x17,
  0x5b, 0xfe, 0xe3, 0xf1, 0x10, 0x1e, 0xed, 0xf1, 0xe0, 0xc8, 0xd8, 0x03,
  0x11, 0x8b, 0x23, 0x03, 0xee, 0x1b, 0x4d, 0x01, 0xbf, 0x34, 0x5a, 0x33,
  0x4c, 0x5a, 0xb4, 0xd2, 0x49, 0x03, 0x4c, 0xc6, 0x0a, 0xb3, 0x0f, 0x02,
  0x4b, 0x49, 0x9d, 0x09, 0xfb, 0x39, 0xe7, 0x90, 0xa6, 0xa1, 0x3f, 0x72,
  0x21, 0x37, 0xf8, 0xf2, 0xeb, 0xf5, 0x09, 0xa2, 0x33, 0xc2, 0x26, 0x34,
  0xe7, 0xf2, 0x50, 0x18, 0xf5, 0xde, 0x0d, 0x19, 0x9f, 0xa5, 0xbe, 0xeb,
  0x45, 0x24, 0xda, 0x81, 0x1e, 0x8c, 0x59, 0x51, 0x36, 0x06, 0xc2, 0x84,
  0x00, 0x04, 0xf3, 0xc9, 0xdb, 0x3e, 0x14, 0x20, 0xf6, 0x02, 0x35, 0x01,
  0xec, 0xe0, 0x0d, 0xce, 0xdf, 0x1a, 0xd8, 0x81, 0xdc, 0x0d, 0xde, 0x0d,
  0x09, 0xa2, 0xea, 0xf4, 0xca, 0x04, 0xf4, 0xff, 0x08, 0xd3, 0xd7, 0x0c,
  0x07, 0x2a, 0xd7, 0xc6, 0x17, 0x07, 0x13, 0xf2, 0xfb, 0xe3, 0x0d, 0xd8,
  0x10, 0x14, 0x2e, 0x9b, 0xca, 0xfc, 0x15, 0xe6, 0xce, 0xe4, 0xfb, 0x38,
  0xc8, 0x2d, 0xdc, 0xf1, 0xe6, 0xde, 0xe6, 0xfe, 0x09, 0x1e, 0xf8, 0xd2,
  0x1f, 0x1a, 0xf6, 0xd4, 0x28, 0x19, 0x24, 0xee, 0x1d, 0xe2, 0x01, 0xe6,
  0xfa, 0xee, 0x1d, 0x07, 0xc8, 0x17, 0xd9, 0x10, 0xc1, 0x39, 0x28, 0xfa,
  0x14, 0x21, 0x0f, 0xd8, 0xe6, 0x01, 0x09, 0xe9, 0xf9, 0xff, 0xd3, 0xeb,
  0xfb, 0x19, 0x0e, 0xdc, 0xdf, 0xff, 0xdc, 0x2c, 0x85, 0x19, 0x1f, 0x28,
  0xf5, 0xd4, 0x27, 0x26, 0x36, 0x13, 0xd6, 0xcb, 0xce, 0x09, 0x35, 0xb8,
  0x25, 0xf5, 0xbd, 0x26, 0x40, 0x2a, 0xce, 0x2c, 0x1c, 0xea, 0x1d, 0xff,
  0xac, 0xd7, 0xf5, 0xde, 0x81, 0xd9, 0x25, 0x31, 0xc8, 0x00, 0x1e, 0xf4,
  0xed, 0xcd, 0xed, 0xfb, 0x09, 0x11, 0xc6, 0xf7, 0xda, 0x25, 0x96, 0xef,
  0x0b, 0x2d, 0xcf, 0xec, 0x13, 0x25, 0x2e, 0x0d, 0x20, 0x03, 0x3d, 0x2d,
  0xa5, 0x00, 0x20, 0x23, 0x1b, 0xd3, 0x24, 0xe6, 0xfc, 0x17, 0x99, 0x18,
  0x23, 0x33, 0xe5, 0x03, 0xff, 0xd3, 0xbb, 0x02, 0xf7, 0xd7, 0x21, 0xeb,
  0x16, 0x11, 0xfd, 0xe6, 0xd5, 0xfa, 0x0c, 0x81, 0x19, 0xfe, 0x14, 0x05,
  0xd2, 0x02, 0x06, 0x4e, 0xe3, 0x36, 0xe5, 0x10, 0x44, 0xef, 0xd8, 0xfa,
  0x1d, 0x0c, 0x37, 0x00, 0x16, 0xd7, 0x34, 0xef, 0xd3, 0x12, 0x10, 0xda,
  0x1d, 0x13, 0x35, 0xcf, 0xeb, 0xd9, 0xe9, 0xec, 0xea, 0xc9, 0x22, 0xfc,
  0xa0, 0x04, 0xe3, 0x25, 0x08, 0xd6, 0x28, 0xfd, 0x31, 0x26, 0x1c, 0x20,
  0x04, 0xf2, 0x21, 0xbe, 0xe5, 0x04, 0xc0, 0xe1, 0x1e, 0xf6, 0x02, 0xd8,
  0x1b, 0x9c, 0xed, 0x07, 0xfd, 0xda, 0x13, 0x20, 0xa1, 0xda, 0x8c, 0xec,
  0x30, 0xd5, 0xed, 0xc5, 0xd6, 0x22, 0xea, 0x1a, 0x1e, 0x1f, 0xc1, 0x0f,
  0xcb, 0xef, 0xe3, 0xfd, 0xff, 0x18, 0x21, 0xe0, 0xe6, 0x14, 0x1b, 0x24,
  0xd8, 0xb5, 0x1b, 0x0b, 0xfa, 0xcb, 0x81, 0x1f, 0xe7, 0xa9, 0xda, 0x02,
  0x29, 0x08, 0xe0, 0xb3, 0x1d, 0xcd, 0xc2, 0x31, 0xea, 0xce, 0xe4, 0x0b,
  0xfa, 0xfa, 0x3f, 0x2b, 0x2b, 0xbf, 0xb4, 0x21, 0x13, 0xef, 0x11, 0x3b,
  0x12, 0xe3, 0xca, 0x3f, 0xf1, 0x1d, 0xac, 0xf8, 0xca, 0xe2, 0xef, 0xde,
  0xfe, 0x25, 0x05, 0xd4, 0x12, 0xbf, 0xa7, 0xf3, 0xe7, 0xba, 0x1d, 0xcc,
  0x17, 0x07, 0x2c, 0x12, 0x06, 0xf7, 0xf9, 0xfa, 0xbf, 0x0b, 0xb9, 0xd3,
  0xf1, 0xc3, 0xb2, 0xff, 0x0c, 0x0f, 0x04, 0xf6, 0xda, 0xb0, 0xe2, 0xb5,
  0xda, 0xa8, 0xa1, 0x16, 0xeb, 0x0b, 0xed, 0xf8, 0xab, 0x01, 0x8f, 0x04,
  0x01, 0x1e, 0x1d, 0xd7, 0xc2, 0x01, 0x0c, 0x0e, 0x99, 0xec, 0xe1, 0xe3,
  0x32, 0xf0, 0xb6, 0x1c, 0x8f, 0xaa, 0x23, 0xa0, 0xfe, 0x81, 0xee, 0x0b,
  0x01, 0x4e, 0xda, 0x13, 0xf1, 0x0a, 0xce, 0x15, 0xf0, 0xe3, 0xe8, 0x43,
  0x15, 0xf9, 0xc9, 0x21, 0xef, 0xb8, 0x07, 0x06, 0x3e, 0x1d, 0xeb, 0xeb,
  0x91, 0xd1, 0x53, 0xc8, 0x91, 0xee, 0x42, 0x36, 0xf4, 0xed, 0x9b, 0x0a,
  0xdb, 0xfc, 0xaf, 0x25, 0xb6, 0x3d, 0x19, 0x0e, 0x41, 0xd6, 0x46, 0xd5,
  0xdb, 0x28, 0xce, 0xb4, 0x0a, 0x0b, 0xd5, 0x0b, 0xc8, 0x3c, 0xfc, 0xdc,
  0x3d, 0xe8, 0xba, 0xdb, 0xd9, 0xce, 0xfc, 0x43, 0x06, 0x18, 0xea, 0x15,
  0x0c, 0xd8, 0xf4, 0xa3, 0x19, 0xa2, 0xba, 0xc1, 0x3b, 0x00, 0xa4, 0xfc,
  0xed, 0x26, 0xc1, 0x1e, 0xcf, 0xe0, 0x54, 0x15, 0xd0, 0x09, 0x81, 0x1c,
  0xf1, 0xb3, 0xbf, 0x07, 0x2e, 0xfe, 0xeb, 0x20, 0x0d, 0xd6, 0x0e, 0xeb,
  0x15, 0xc1, 0x9b, 0x01, 0x47, 0x21, 0xaa, 0x1c, 0xeb, 0xe5, 0xba, 0xee,
  0xc7, 0x0e, 0xfc, 0x38, 0x24, 0xf8, 0x9c, 0x2c, 0x29, 0xac, 0xf5, 0xf0,
  0xfd, 0x06, 0x13, 0xfe, 0x13, 0xf2, 0xdb, 0xe6, 0x06, 0xa0, 0x81, 0x2c,
  0xdf, 0xcc, 0xa2, 0x1a, 0xf4, 0x2a, 0xd0, 0xbf, 0xf7, 0x4d, 0x84, 0xc1,
  0x45, 0xdd, 0xa3, 0x13, 0x13, 0xd8, 0xcf, 0xd3, 0x2f, 0xba, 0xd8, 0xd9,
  0xa0, 0x07, 0x24, 0x0c, 0x1d, 0xea, 0x15, 0xe2, 0x54, 0x38, 0xfe, 0x16,
  0xd2, 0xc6, 0x58, 0xf3, 0x2e, 0x0f, 0x09, 0xc4, 0x0a, 0x32, 0x33, 0xf1,
  0x79, 0xd3, 0xda, 0xb6, 0x81, 0x42, 0xfe, 0xcb, 0xdc, 0xaa, 0x3a, 0xeb,
  0x2f, 0xf1, 0x30, 0x99, 0x35, 0x47, 0x10, 0x56, 0xa0, 0x32, 0xf6, 0xf9,
  0x03, 0x37, 0xcc, 0x94, 0x5c, 0x3c, 0xb3, 0x04, 0xfe, 0xbf, 0x37, 0xc3,
  0xb9, 0xfa, 0x0a, 0xc0, 0x93, 0xf7, 0x1f, 0x97, 0xe2, 0x38, 0x32, 0xbd,
  0x06, 0x27, 0x53, 0xd2, 0x00, 0x09, 0xad, 0xf8, 0x53, 0x21, 0x3b, 0x21,
  0xc1, 0xc3, 0x05, 0xbe, 0x45, 0xed, 0x35, 0xe3, 0xe1, 0x2d, 0x3b, 0xd4,
  0xd8, 0x06, 0xc4, 0x01, 0x25, 0xaa, 0xdf, 0xba, 0x15, 0x05, 0x14, 0x42,
  0xc6, 0xcf, 0xa9, 0xfd, 0xeb, 0xf9, 0x35, 0x1e, 0x06, 0xe2, 0x99, 0xba,
  0x4c, 0xbc, 0xd4, 0x36, 0x57, 0xbd, 0x31, 0x1f, 0x17, 0xd4, 0xae, 0x12,
  0xf4, 0x15, 0x2b, 0xf7, 0xcf, 0x29, 0x4c, 0x2c, 0xff, 0x98, 0xfe, 0x9a,
  0xe2, 0x34, 0xf7, 0xf5, 0x1e, 0xee, 0x08, 0x81, 0xd8, 0xc2, 0x38, 0xb6,
  0x3b, 0xc0, 0x1a, 0x3b, 0x24, 0x22, 0x05, 0x08, 0xa7, 0xfc, 0xe1, 0xbe,
  0xc3, 0x05, 0x2c, 0xf6, 0xdc, 0xe8, 0xc2, 0x9b, 0x2a, 0xe8, 0x70, 0x34,
  0x01, 0xb5, 0xd6, 0x1e, 0x9f, 0xaf, 0xf6, 0xd1, 0x81, 0xd0, 0x20, 0x00,
  0xc6, 0xdf, 0xc4, 0xe8, 0xd2, 0x1a, 0xd2, 0xd6, 0xf3, 0xf5, 0xa7, 0xa0,
  0x08, 0xfa, 0x96, 0x06, 0xf0, 0xdd, 0x1c, 0x0c, 0xe6, 0x12, 0x0a, 0x31,
  0xab, 0xf0, 0x07, 0xe4, 0xd0, 0x12, 0x22, 0xf4, 0xa9, 0xdb, 0xf4, 0xed,
  0xd6, 0x1f, 0x05, 0x3a, 0xbb, 0x0f, 0xed, 0xec, 0x17, 0xb4, 0xd5, 0xc0,
  0x41, 0x2c, 0x49, 0x1e, 0x12, 0x01, 0x20, 0x59, 0xed, 0x38, 0xfc, 0x30,
  0xff, 0x1a, 0x25, 0x2d, 0xd5, 0x0e, 0xfb, 0x1e, 0x1d, 0x47, 0xf0, 0x23,
  0xc2, 0xeb, 0xca, 0xf9, 0xbf, 0x14, 0x41, 0xbd, 0xf8, 0xc9, 0xfa, 0xc3,
  0xe3, 0x87, 0x4c, 0x20, 0xff, 0xca, 0xab, 0x29, 0x24, 0x37, 0x53, 0x34,
  0x05, 0xec, 0xe1, 0xd1, 0x3c, 0xe7, 0x0c, 0xf4, 0xb3, 0xd4, 0x40, 0x0f,
  0x33, 0xae, 0x16, 0xdf, 0x15, 0xd6, 0x14, 0x47, 0xf3, 0xc1, 0x1f, 0xea,
  0x17, 0xd0, 0xa2, 0x4c, 0x0c, 0xe6, 0xf7, 0xcd, 0xc9, 0xe9, 0x07, 0xd2,
  0xdf, 0x06, 0xb9, 0xde, 0x1f, 0x24, 0x24, 0xbf, 0x06, 0x03, 0xf1, 0x55,
  0xac, 0xfb, 0x87, 0x27, 0x06, 0x96, 0xed, 0x0b, 0x2a, 0xb4, 0xf2, 0xbc,
  0x02, 0xaf, 0x3a, 0x16, 0xdf, 0xe2, 0xd7, 0xd4, 0x81, 0x37, 0x89, 0xc3,
  0xf0, 0x63, 0xc7, 0x41, 0x36, 0x18, 0xd7, 0xc5, 0x12, 0xea, 0xb5, 0xad,
  0xe3, 0xb2, 0x3c, 0xf0, 0x50, 0x23, 0x08, 0xd5, 0x2d, 0x5d, 0xfc, 0xe4,
  0x05, 0xd3, 0x18, 0xc2, 0x81, 0x24, 0xee, 0xab, 0xd1, 0xbd, 0x1e, 0x24,
  0xfb, 0x15, 0x08, 0xd9, 0x25, 0xaf, 0x1d, 0x28, 0xf8, 0x01, 0xc0, 0xb8,
  0xff, 0x24, 0x9e, 0xa0, 0xf1, 0x46, 0x21, 0xd5, 0x63, 0xe0, 0x66, 0x1b,
  0xa1, 0xc3, 0x18, 0x93, 0x31, 0xd0, 0xd2, 0x2a, 0xd8, 0x5b, 0xec, 0xdd,
  0x20, 0x2f, 0xed, 0x0b, 0xd3, 0xd5, 0xf5, 0xc0, 0x4c, 0xd7, 0xd6, 0xfa,
  0xb0, 0x38, 0xb4, 0xb7, 0x3e, 0xff, 0xfa, 0x0d, 0x0d, 0x17, 0xc7, 0xf5,
  0xd9, 0xa6, 0x1e, 0xda, 0xe6, 0xe2, 0xf8, 0xaf, 0xcb, 0xfc, 0xd2, 0x82,
  0xf2, 0x3c, 0xd1, 0xf2, 0xa6, 0x0e, 0x81, 0xa7, 0xfc, 0x07, 0xd6, 0xb8,
  0x1e, 0x34, 0x89, 0x17, 0x16, 0xe3, 0x15, 0xbc, 0xd4, 0xd7, 0x0a, 0xcd,
  0x0d, 0x0f, 0x13, 0xc3, 0x00, 0xbb, 0x15, 0xb5, 0xf3, 0xd2, 0x3b, 0xac,
  0xf5, 0xf3, 0x9b, 0xd9, 0xf8, 0xc3, 0x1d, 0xa6, 0xc2, 0x3a, 0xa6, 0x40,
  0x36, 0xcf, 0xf3, 0x1b, 0xc1, 0x29, 0xcd, 0xb0, 0x33, 0xba, 0xf9, 0x3a,
  0x0f, 0x18, 0x1f, 0x34, 0xb2, 0x3d, 0xcf, 0x48, 0x62, 0x1a, 0xf7, 0x2f,
  0xb2, 0x17, 0xc4, 0xa6, 0x30, 0x13, 0xd8, 0xfe, 0xb7, 0x10, 0x1b, 0xea,
  0xe5, 0x49, 0xad, 0x06, 0x35, 0x3a, 0x26, 0x3b, 0x3c, 0xce, 0x02, 0xe9,
  0xe0, 0x27, 0x15, 0x07, 0xb1, 0x45, 0x0e, 0x08, 0xd3, 0x4a, 0x01, 0xf8,
  0x03, 0x27, 0x16, 0x1a, 0x9d, 0xb1, 0x03, 0xb1, 0xe1, 0xe1, 0x05, 0xbd,
  0xf6, 0xf3, 0x30, 0x99, 0x40, 0x4c, 0x0d, 0xe8, 0x41, 0xf4, 0xd1, 0x04,
  0xe6, 0x32, 0xac, 0x0e, 0xb7, 0x62, 0x3b, 0x02, 0x1b, 0x22, 0x0b, 0x42,
  0x81, 0x27, 0xc0, 0x31, 0xe9, 0x68, 0x25, 0xbc, 0xb8, 0x0d, 0xc3, 0xb4,
  0x0c, 0x12, 0xbe, 0xf2, 0x3b, 0xdd, 0x48, 0xa7, 0x16, 0x2c, 0x05, 0xf8,
  0xc3, 0xfd, 0xdb, 0xcb, 0xfc, 0xa0, 0xdb, 0x20, 0xfa, 0xed, 0xee, 0x0c,
  0xb9, 0x14, 0x21, 0xa2, 0xab, 0xfd, 0x15, 0xc8, 0xed, 0xe7, 0x2b, 0x1b,
  0xf1, 0xf3, 0xef, 0xdb, 0xf6, 0xf3, 0xfa, 0x09, 0xc6, 0x24, 0xf2, 0x09,
  0xe6, 0x0a, 0xa1, 0x81, 0x29, 0x18, 0x03, 0xc8, 0x1d, 0x01, 0xf6, 0x09,
  0xea, 0x1c, 0xd1, 0x22, 0x08, 0xeb, 0x13, 0x07, 0xba, 0xde, 0x11, 0xea,
  0x03, 0xdf, 0xf8, 0x2e, 0xf2, 0x18, 0xe7, 0x1b, 0x9a, 0xf0, 0x9b, 0xb5,
  0xec, 0x06, 0x22, 0xf5, 0xf9, 0x10, 0xeb, 0x31, 0x08, 0x00, 0xff, 0xe0,
  0x32, 0xe1, 0x20, 0x35, 0xb0, 0x04, 0x23, 0xd6, 0x0e, 0x18, 0x34, 0x2c,
  0xca, 0x1f, 0x15, 0x02, 0xa6, 0xe0, 0xa1, 0xc1, 0x11, 0x08, 0x16, 0xfd,
  0xd1, 0xdf, 0xee, 0x21, 0xe9, 0x33, 0xe8, 0x11, 0xe8, 0x01, 0xd8, 0xa3,
  0x0a, 0x14, 0xcd, 0x9e, 0xbd, 0xdd, 0xe6, 0xcb, 0xbb, 0xef, 0x24, 0xea,
  0x13, 0x03, 0x05, 0x06, 0xc3, 0xf8, 0xf8, 0x37, 0xf4, 0xfe, 0xed, 0xf5,
  0x22, 0x28, 0xfe, 0xde, 0x3d, 0x18, 0x1a, 0xcf, 0x02, 0x0c, 0x1a, 0x16,
  0xf0, 0xf6, 0x25, 0xf6, 0xde, 0x03, 0xef, 0xf0, 0x2e, 0xf1, 0x48, 0xd8,
  0x0e, 0xf0, 0xed, 0xf0, 0xda, 0xcd, 0x19, 0xe1, 0xdf, 0x2f, 0x3f, 0xed,
  0x04, 0x14, 0x1f, 0x81, 0x0d, 0xff, 0x10, 0xf9, 0xf4, 0xfc, 0x38, 0xf1,
  0xc0, 0xcd, 0xdf, 0x05, 0x3c, 0x28, 0xee, 0x10, 0xc3, 0x14, 0x3b, 0xfd,
  0xf4, 0x1f, 0x1a, 0xfa, 0xc5, 0x00, 0x34, 0x1a, 0x00, 0xd9, 0x1b, 0x19,
  0x36, 0xf1, 0xb2, 0x2d, 0x34, 0x01, 0x36, 0xde, 0xeb, 0x36, 0x0a, 0xc7,
  0xcc, 0x89, 0x12, 0x1c, 0xc7, 0xc5, 0xcf, 0xef, 0x1e, 0x10, 0xbf, 0xfe,
  0x1c, 0x03, 0x2e, 0xa8, 0xb8, 0x2c, 0x0d, 0xc1, 0xde, 0xf2, 0xf4, 0xf8,
  0x32, 0xe2, 0x31, 0x48, 0xe2, 0xf0, 0xee, 0x36, 0xd6, 0xea, 0xaf, 0x1f,
  0x36, 0xe6, 0xfc, 0x34, 0x07, 0xf4, 0xad, 0x05, 0x2e, 0xb4, 0xfc, 0xff,
  0xf4, 0x41, 0xf1, 0x11, 0xfb, 0xf8, 0xee, 0x44, 0x36, 0x37, 0x10, 0xe5,
  0x0f, 0x36, 0x11, 0x0e, 0xeb, 0x81, 0xe4, 0xe7, 0x48, 0xec, 0x13, 0x25,
  0x12, 0x29, 0xb8, 0xf6, 0xcc, 0xc0, 0x04, 0x1a, 0x11, 0x22, 0xfb, 0x06,
  0x37, 0x89, 0xe2, 0xd0, 0xa7, 0x29, 0x0c, 0xe1, 0x47, 0x1f, 0x07, 0xfc,
  0xc1, 0xd7, 0x63, 0xe3, 0x00, 0xd3, 0xcb, 0xe8, 0xc7, 0x36, 0xf0, 0x17,
  0xe7, 0x15, 0xd3, 0xb7, 0xee, 0xdf, 0x2a, 0x48, 0xd9, 0x81, 0xfc, 0x9e,
  0xef, 0xf5, 0x07, 0xd7, 0x39, 0xf3, 0xbf, 0x22, 0x10, 0xf3, 0x2a, 0x00,
  0x22, 0xcf, 0x8a, 0x1f, 0xf2, 0xf3, 0x49, 0x17, 0x18, 0x28, 0xac, 0x1d,
  0xf4, 0x0c, 0xe9, 0x0d, 0x2a, 0xd3, 0xf0, 0xaf, 0xc6, 0xd7, 0xcc, 0xe2,
  0xe9, 0x23, 0xcc, 0x12, 0xeb, 0x05, 0xf3, 0xd8, 0xde, 0xcc, 0xdb, 0x25,
  0xf7, 0x2e, 0x0c, 0x2a, 0xf1, 0xfc, 0x08, 0xc3, 0xd6, 0x0a, 0x01, 0xe5,
  0xf2, 0x2e, 0xd8, 0x1f, 0x05, 0x2a, 0xf4, 0x06, 0x1a, 0xe8, 0x0a, 0x05,
  0x24, 0xf6, 0xfa, 0xf3, 0x14, 0xf6, 0xbf, 0xf1, 0x30, 0x1f, 0x00, 0x27,
  0x0f, 0xf0, 0x2c, 0xd8, 0xd4, 0xee, 0xf3, 0x00, 0xf3, 0x34, 0x05, 0x1b,
  0x2c, 0x1f, 0x00, 0xf1, 0x2e, 0x03, 0xfd, 0x0b, 0x34, 0xe1, 0xe0, 0xe7,
  0x03, 0x02, 0x33, 0xb2, 0x04, 0x0b, 0x05, 0xc7, 0xe9, 0xdf, 0xda, 0xfc,
  0x01, 0x02, 0xef, 0x24, 0x03, 0xfc, 0xc6, 0xcb, 0x06, 0xee, 0xee, 0x0d,
  0x18, 0x16, 0xd6, 0xd1, 0xfc, 0x03, 0x1a, 0xcc, 0xf7, 0xdf, 0x01, 0xba,
  0x0b, 0xd4, 0x03, 0xc7, 0x26, 0xe9, 0x81, 0xd1, 0x12, 0xc1, 0x03, 0x15,
  0xc8, 0xe7, 0x24, 0xe7, 0xc0, 0x2b, 0x21, 0x07, 0xc7, 0xb1, 0xf6, 0x25,
  0xdc, 0x0d, 0xed, 0xdf, 0x07, 0x27, 0xf2, 0xfb, 0xf4, 0x1b, 0x0b, 0x2e,
  0x8d, 0x0a, 0x47, 0x20, 0xd1, 0xc2, 0xff, 0xe4, 0xb5, 0xea, 0xd0, 0xec,
  0x22, 0xd0, 0x2b, 0x3e, 0x0c, 0xf6, 0xfa, 0x26, 0x81, 0x33, 0x00, 0xe4,
  0xde, 0x25, 0xef, 0x3a, 0xd9, 0x2f, 0xe5, 0x0e, 0xb1, 0xe7, 0xc4, 0x4a,
  0x0f, 0x16, 0xdf, 0x03, 0x0a, 0x30, 0xc6, 0xca, 0xdb, 0x40, 0x35, 0xff,
  0x38, 0xb5, 0x4d, 0xf7, 0x84, 0x17, 0xe3, 0xbe, 0xcc, 0xc1, 0xdd, 0x13,
  0x14, 0x9f, 0xc3, 0x26, 0x13, 0x0f, 0xba, 0xf8, 0x17, 0x04, 0x27, 0xcc,
  0x26, 0xeb, 0x15, 0xdb, 0x5c, 0x06, 0x04, 0xf9, 0x14, 0xf7, 0xec, 0x03,
  0x2a, 0xe9, 0xf9, 0x26, 0xdb, 0x16, 0xce, 0xe1, 0xf5, 0x15, 0x59, 0x1e,
  0x03, 0x22, 0xc5, 0x09, 0xf5, 0x00, 0x16, 0xcf, 0xc4, 0xef, 0xeb, 0xce,
  0x17, 0xf7, 0x14, 0x07, 0x15, 0xd0, 0x0f, 0xfe, 0x04, 0xe0, 0xe4, 0x06,
  0x15, 0xfe, 0xe1, 0xf9, 0xaa, 0x0f, 0x38, 0xf2, 0xda, 0x24, 0xad, 0x06,
  0xdb, 0x02, 0xee, 0xcb, 0xe2, 0xf6, 0xef, 0xf3, 0xf6, 0x03, 0x00, 0xff,
  0xf2, 0x0b, 0x10, 0xe1, 0xf3, 0xda, 0xa8, 0x11, 0xdb, 0xe4, 0xd4, 0xd5,
  0x81, 0x04, 0xf0, 0xed, 0x08, 0x0a, 0xf1, 0xf9, 0x3b, 0xf9, 0xe6, 0xac,
  0x08, 0x05, 0xed, 0x0a, 0xdc, 0x1e, 0xdc, 0x02, 0x0b, 0x9c, 0x04, 0xe2,
  0xd4, 0x0d, 0xea, 0xdd, 0x30, 0x81, 0xfa, 0xf2, 0x29, 0x8d, 0x8f, 0x28,
  0x07, 0xf4, 0x2f, 0x1f, 0x34, 0xfb, 0x20, 0xf2, 0x16, 0x1b, 0xdf, 0xc5,
  0xe8, 0x11, 0xf8, 0xea, 0x1e, 0xde, 0x09, 0xe8, 0x0e, 0x03, 0x2a, 0xe0,
  0xf8, 0xc5, 0xe3, 0xfc, 0x2f, 0xc2, 0x1b, 0x23, 0xff, 0xfc, 0xe6, 0xef,
  0xe5, 0xa5, 0xf8, 0xd7, 0xbf, 0xf5, 0xa7, 0x9f, 0xe9, 0xdd, 0x1a, 0x12,
  0x1b, 0xca, 0xfe, 0x03, 0x0f, 0xe5, 0x19, 0x13, 0x10, 0xa2, 0xe1, 0xfa,
  0x39, 0xc9, 0x44, 0x23, 0xec, 0xd1, 0xd4, 0x23, 0xce, 0xc2, 0x4f, 0xc9,
  0xa9, 0xcc, 0xe8, 0xb1, 0xa9, 0xd4, 0x03, 0x26, 0xc1, 0xd2, 0x16, 0x81,
  0xc7, 0x09, 0x2b, 0x95, 0xbb, 0x1e, 0x00, 0xd7, 0x40, 0x02, 0x02, 0xc5,
  0x17, 0xe0, 0xc9, 0x5d, 0xe5, 0xb3, 0x4c, 0x49, 0x99, 0x04, 0xee, 0x11,
  0x28, 0xec, 0x2f, 0x22, 0xf8, 0xf0, 0xe7, 0xa7, 0xca, 0x11, 0x3c, 0xdc,
  0x12, 0xfe, 0x27, 0x05, 0x19, 0xda, 0xff, 0xf5, 0xde, 0xf7, 0xde, 0xff,
  0x27, 0xb2, 0x32, 0xf3, 0x9d, 0x47, 0x2f, 0x07, 0x21, 0xe3, 0x14, 0xd6,
  0x07, 0x12, 0xcb, 0xe7, 0xf4, 0x08, 0x3b, 0xdd, 0x23, 0x08, 0x2b, 0xdf,
  0x17, 0xf7, 0x5e, 0xc2, 0x31, 0x1d, 0xf3, 0x31, 0xb6, 0x34, 0x16, 0x01,
  0x35, 0xfb, 0x41, 0x53, 0xbb, 0x25, 0x4d, 0x1d, 0xf3, 0x99, 0x14, 0xe6,
  0xea, 0x20, 0xc3, 0xe3, 0x16, 0xc3, 0x22, 0xd9, 0x52, 0x9d, 0xab, 0xe0,
  0xea, 0x28, 0xaa, 0x3e, 0xb9, 0x4a, 0xff, 0x54, 0x5e, 0x4b, 0x6b, 0x43,
  0x45, 0x44, 0x5d, 0xed, 0xf9, 0xe3, 0x9c, 0xd6, 0xa0, 0x8e, 0xe3, 0x9e,
  0xec, 0xde, 0xb5, 0x4e, 0xa7, 0x9d, 0x4e, 0x4d, 0xd5, 0xc6, 0xf8, 0x0a,
  0xe4, 0x5a, 0x17, 0xf9, 0x3c, 0xfe, 0x35, 0x7f, 0x1b, 0xe8, 0x63, 0xf1,
  0x3c, 0x9b, 0xd6, 0xd7, 0xb9, 0xea, 0x23, 0x09, 0xad, 0x16, 0x03, 0x94,
  0xe9, 0x91, 0xb9, 0x13, 0x8e, 0x02, 0x2e, 0x0e, 0xb3, 0x20, 0x47, 0xa1,
  0xf5, 0x17, 0x29, 0x03, 0x3c, 0x2f, 0x44, 0xe8, 0x49, 0x11, 0x0b, 0xfa,
  0xf4, 0xdd, 0xe1, 0x39, 0xb2, 0x03, 0xdd, 0x51, 0xe6, 0xbe, 0xa1, 0x2e,
  0xe9, 0x3a, 0xa7, 0xa1, 0xbc, 0xbd, 0xc0, 0x8f, 0xc8, 0x28, 0xdd, 0xeb,
  0xd6, 0x28, 0x30, 0x45, 0xc3, 0xdf, 0xfe, 0x12, 0x3d, 0xc5, 0x5d, 0xe5,
  0x1c, 0xc7, 0x01, 0x12, 0xf2, 0xfd, 0xfa, 0xe6, 0xd1, 0x2e, 0xbf, 0xd1,
  0xf4, 0xd3, 0xfd, 0xc1, 0xd7, 0x02, 0x0a, 0x43, 0xa3, 0xdd, 0xc0, 0x32,
  0x27, 0x2b, 0xe5, 0xea, 0x1c, 0xef, 0xf9, 0x02, 0x04, 0x0a, 0x14, 0xd2,
  0x7f, 0xff, 0x96, 0xac, 0x1e, 0x08, 0x2a, 0xa6, 0xe2, 0xeb, 0xe1, 0xca,
  0x81, 0x18, 0xdd, 0xb6, 0x0d, 0x33, 0x1e, 0xfb, 0x2c, 0xc1, 0x11, 0xb1,
  0x1f, 0xd8, 0x25, 0x40, 0xe4, 0x0b, 0xcf, 0xbb, 0x09, 0x30, 0x3e, 0x24,
  0x04, 0xf9, 0xaa, 0xd1, 0xab, 0xd7, 0xf8, 0xbd, 0xad, 0xd2, 0xfb, 0xc9,
  0x63, 0x30, 0x5a, 0x97, 0xb2, 0xde, 0xf8, 0xd6, 0x40, 0xd3, 0xeb, 0xef,
  0xfa, 0x2c, 0x07, 0xf2, 0xcf, 0xf5, 0xc0, 0xf7, 0xff, 0xff, 0xba, 0x05,
  0xd3, 0xf2, 0xa5, 0xbd, 0xea, 0x13, 0x0b, 0x00, 0x35, 0x16, 0x1a, 0xca,
  0xbc, 0x27, 0xd6, 0x0d, 0x16, 0x45, 0xe5, 0xeb, 0x0f, 0xfb, 0xe4, 0x02,
  0x23, 0x0b, 0xd3, 0xe2, 0x54, 0xe8, 0xd5, 0xd6, 0xa5, 0x1a, 0xca, 0xdb,
  0xf0, 0xa5, 0x20, 0x08, 0x2b, 0x0b, 0xff, 0xee, 0xfb, 0xe4, 0xfe, 0x0f,
  0xc5, 0xe7, 0x0b, 0xed, 0x4f, 0xf7, 0x0c, 0x2f, 0x81, 0x06, 0x98, 0x5c,
  0x30, 0x82, 0x23, 0xac, 0x23, 0x31, 0xc6, 0xba, 0xf7, 0xfa, 0xcb, 0xe1,
  0xf9, 0xf8, 0x21, 0x07, 0x22, 0x17, 0x2c, 0xcc, 0x62, 0x8b, 0x14, 0xfb,
  0x3e, 0xc9, 0x34, 0xfb, 0xe7, 0x33, 0xd0, 0x3e, 0x15, 0xd5, 0xa9, 0xfc,
  0x20, 0x11, 0x1a, 0x3c, 0x45, 0x34, 0x8f, 0xb9, 0x36, 0x14, 0xe3, 0x15,
  0xc2, 0x17, 0x27, 0xbf, 0xee, 0x87, 0xfe, 0xf3, 0x05, 0x34, 0xee, 0x00,
  0xde, 0x10, 0x2b, 0x55, 0x08, 0x17, 0x53, 0xb2, 0xc5, 0xb6, 0x21, 0xff,
  0x86, 0xcf, 0xd6, 0x0f, 0xfb, 0x1e, 0xde, 0x9f, 0xb5, 0xfd, 0xf9, 0x02,
  0x06, 0x95, 0x0a, 0x2a, 0xe4, 0xdf, 0xff, 0x01, 0x02, 0xd0, 0x0c, 0xce,
  0xe6, 0x32, 0x26, 0x24, 0xb6, 0xe1, 0x38, 0x07, 0xc5, 0xdd, 0x12, 0xdd,
  0xe2, 0xe2, 0xd5, 0xc6, 0xbc, 0x43, 0x48, 0xff, 0x0a, 0x81, 0xdc, 0x12,
  0xe8, 0xf4, 0xdc, 0xb1, 0x16, 0xe6, 0xd3, 0xd4, 0xf2, 0x28, 0xf5, 0x26,
  0xdf, 0xaa, 0xd9, 0xde, 0xba, 0xe3, 0x0e, 0x0e, 0xbe, 0xda, 0xf9, 0xf5,
  0xe7, 0x44, 0x5e, 0xf7, 0x18, 0xc4, 0x02, 0xe4, 0xfc, 0x02, 0xcc, 0x94,
  0x39, 0xdc, 0xcc, 0xe3, 0xd1, 0x1c, 0xf4, 0x1f, 0xf0, 0x16, 0xf9, 0x1a,
  0xcf, 0xe0, 0x3d, 0xd8, 0x2e, 0xc1, 0xed, 0xb8, 0xeb, 0x0f, 0xcd, 0x19,
  0x00, 0x15, 0x1d, 0xf2, 0xf0, 0xed, 0xf5, 0xf7, 0xe9, 0xd0, 0xf2, 0xea,
  0x22, 0xaa, 0xc7, 0xeb, 0x09, 0x0f, 0x10, 0x06, 0xf3, 0x0a, 0x1a, 0xbf,
  0xfa, 0xcd, 0x05, 0xda, 0xdd, 0xe0, 0xf1, 0x1d, 0x19, 0x26, 0xd8, 0xf0,
  0xe6, 0xf6, 0xf6, 0x00, 0x01, 0xf1, 0xcd, 0xe4, 0xe9, 0xc5, 0x10, 0xd6,
  0x1a, 0x26, 0x28, 0xf9, 0x2d, 0xf9, 0x12, 0xb4, 0x0d, 0xbb, 0x00, 0xca,
  0x1a, 0xde, 0x20, 0xef, 0xf2, 0xf9, 0x81, 0xea, 0xad, 0x0f, 0xf4, 0x14,
  0x09, 0xea, 0xb0, 0x14, 0xf0, 0xd6, 0x22, 0xf8, 0x3e, 0xe6, 0x22, 0x16,
  0xbb, 0x2d, 0x38, 0xcf, 0xce, 0xf6, 0xda, 0x14, 0xe9, 0x2a, 0x42, 0x38,
  0x52, 0x9b, 0x3c, 0x22, 0x2b, 0xc0, 0xa1, 0xf3, 0x9c, 0xa4, 0xe7, 0x2f,
  0xc1, 0x5c, 0xe7, 0xd7, 0x11, 0x25, 0xd2, 0x1b, 0x46, 0xcd, 0x30, 0xe8,
  0x3b, 0x29, 0xdf, 0xd9, 0x27, 0xc5, 0x17, 0xcb, 0x2b, 0x91, 0xe2, 0x01,
  0x34, 0xea, 0xde, 0xc9, 0xa0, 0xc0, 0x12, 0xe6, 0x37, 0xd8, 0x29, 0x49,
  0xf5, 0xb7, 0x17, 0x01, 0x2a, 0x81, 0x20, 0x07, 0xe9, 0xcf, 0xc2, 0xb0,
  0x3f, 0x0b, 0x20, 0x02, 0x51, 0xbd, 0x12, 0x09, 0xc5, 0xb4, 0x8f, 0x15,
  0xc5, 0xc7, 0xc4, 0x19, 0xac, 0x43, 0x2e, 0x09, 0x31, 0xde, 0x57, 0xcf,
  0x11, 0x35, 0xef, 0x88, 0xfc, 0x1e, 0xdd, 0xe6, 0x49, 0x04, 0x12, 0xb0,
  0x0d, 0x00, 0xf6, 0x85, 0xba, 0x2b, 0x45, 0x17, 0x72, 0xe3, 0x5b, 0x7f,
  0x19, 0x29, 0xd0, 0x57, 0x00, 0xfc, 0x26, 0xb7, 0x0c, 0xcb, 0xe1, 0x1a,
  0xdd, 0xc9, 0xec, 0x64, 0xfe, 0xfc, 0xd7, 0x8d, 0xf5, 0x3b, 0x2d, 0xde,
  0xa0, 0x08, 0xcd, 0xb5, 0x0b, 0x27, 0x0e, 0x50, 0xd9, 0x4c, 0xce, 0xfb,
  0xde, 0xf9, 0x5c, 0xe8, 0x15, 0xba, 0x28, 0xe8, 0x12, 0xbc, 0x84, 0x12,
  0x91, 0xbb, 0x35, 0xed, 0x58, 0xb8, 0xfa, 0xdb, 0x83, 0xa3, 0xfd, 0x18,
  0xec, 0xe1, 0x0d, 0xcd, 0xf8, 0x4b, 0x97, 0x30, 0xdc, 0xf0, 0x1a, 0xf9,
  0xf7, 0x1c, 0x10, 0xc5, 0x9c, 0x16, 0xbd, 0x92, 0xb8, 0x1f, 0x04, 0xa2,
  0x85, 0x11, 0x06, 0x12, 0xa1, 0xfd, 0x17, 0xea, 0x1a, 0xce, 0xec, 0x00,
  0xe5, 0x11, 0x29, 0xd6, 0xb6, 0x23, 0xcc, 0xf9, 0x24, 0x20, 0xf0, 0x31,
  0xeb, 0x20, 0x19, 0x87, 0x9c, 0x3a, 0xc0, 0x92, 0xde, 0x10, 0x0b, 0x58,
  0x81, 0x11, 0x27, 0xb4, 0xed, 0xf6, 0xdd, 0xc4, 0xe8, 0xdd, 0x3e, 0x41,
  0xb0, 0x3d, 0x18, 0xa1, 0x39, 0x0e, 0x08, 0xff, 0xe1, 0xf7, 0xbd, 0x9c,
  0xac, 0x0e, 0xaa, 0xd0, 0xdd, 0x04, 0xc0, 0x5c, 0x1e, 0xfb, 0x00, 0xfa,
  0xed, 0xb3, 0xf9, 0x19, 0x02, 0x17, 0x33, 0x23, 0x2b, 0xff, 0x1c, 0x15,
  0x4c, 0x39, 0x08, 0xda, 0xc1, 0x39, 0xe1, 0x53, 0x43, 0xfa, 0x19, 0x35,
  0x33, 0xce, 0x22, 0x32, 0x25, 0x22, 0xe2, 0xbb, 0x06, 0xe3, 0xc6, 0x32,
  0x51, 0xbb, 0x00, 0x00, 0x0b, 0x41, 0x19, 0xdb, 0xec, 0xf8, 0x2a, 0xd5,
  0xee, 0x2b, 0x04, 0xf2, 0xe9, 0xf0, 0x1c, 0xe8, 0xc0, 0xc1, 0x48, 0x41,
  0xeb, 0x2f, 0xb4, 0x2c, 0xab, 0x10, 0x23, 0xc7, 0xdb, 0x02, 0x02, 0xfd,
  0xdb, 0x21, 0xef, 0xe7, 0x1d, 0xdd, 0xfc, 0x81, 0xd7, 0x33, 0xfa, 0xe7,
  0xc3, 0xdf, 0xe1, 0xbb, 0xf6, 0xf0, 0x4c, 0xf6, 0x40, 0xbf, 0x0d, 0x10,
  0xf1, 0xe7, 0x58, 0x1b, 0xb9, 0xb9, 0x4f, 0xbc, 0x34, 0xe2, 0x81, 0x01,
  0xd9, 0x08, 0xf0, 0x0f, 0xd2, 0xec, 0x22, 0x23, 0xe5, 0x05, 0x3a, 0x06,
  0xb6, 0x0c, 0xee, 0x07, 0x23, 0xd9, 0xfa, 0x22, 0xfa, 0xd9, 0x22, 0xe7,
  0x03, 0xaf, 0x0b, 0xe5, 0x06, 0xe1, 0x97, 0xe3, 0xeb, 0x0e, 0xee, 0x20,
  0x09, 0x0c, 0xf1, 0x12, 0xdb, 0x04, 0x14, 0xf9, 0xcc, 0x1f, 0x1a, 0x03,
  0xf5, 0xfd, 0xfd, 0x03, 0xe4, 0xe4, 0xde, 0xc4, 0xee, 0xc3, 0x00, 0xd1,
  0xe0, 0xce, 0xc3, 0xf9, 0xf0, 0x16, 0x02, 0x0f, 0xf8, 0xde, 0xfc, 0xf1,
  0xda, 0x25, 0xf4, 0xd5, 0xbf, 0x25, 0xed, 0xff, 0xfb, 0x0b, 0x00, 0x01,
  0x01, 0xdb, 0xfe, 0xf8, 0xf1, 0xc6, 0xf7, 0xe3, 0xce, 0xa6, 0x18, 0xf1,
  0x21, 0x00, 0x39, 0x3d, 0x95, 0xe1, 0x45, 0x24, 0x13, 0xf6, 0x10, 0xc1,
  0x4f, 0x08, 0x10, 0xb5, 0x2e, 0xeb, 0x23, 0x03, 0x0e, 0xca, 0xe1, 0xfa,
  0xe1, 0xcb, 0xfd, 0x27, 0x3d, 0xcd, 0x1e, 0x0a, 0xcb, 0xbf, 0xe3, 0x1a,
  0x81, 0x4b, 0x25, 0xe4, 0x25, 0x30, 0x10, 0xe3, 0x45, 0x47, 0x20, 0xb2,
  0x0c, 0x1f, 0x15, 0xbf, 0x0e, 0xde, 0x32, 0x39, 0xd0, 0x17, 0xf3, 0x17,
  0x02, 0xe6, 0x01, 0xad, 0x02, 0x97, 0xf5, 0x25, 0xc2, 0xee, 0xf1, 0xc6,
  0x25, 0x21, 0xc8, 0x2c, 0x38, 0x0a, 0xc8, 0x28, 0xb7, 0xe6, 0x0b, 0xe9,
  0x0e, 0xd5, 0x2a, 0xce, 0xea, 0xc6, 0x2e, 0xc0, 0xd6, 0xe8, 0x6b, 0xb6,
  0x08, 0xf3, 0xe3, 0xcd, 0xe2, 0x1a, 0x4d, 0xca, 0x1e, 0xd9, 0x59, 0x08,
  0xdc, 0x16, 0x20, 0x02, 0x18, 0x9f, 0xf8, 0x46, 0x5a, 0xe4, 0x0a, 0x28,
  0xa7, 0x0f, 0x21, 0x52, 0x07, 0xf9, 0x7f, 0x2c, 0xfd, 0xb6, 0xf7, 0xbd,
  0x0e, 0xd5, 0x44, 0x02, 0xdf, 0x06, 0x10, 0x18, 0x11, 0xf3, 0xcb, 0x6a,
  0xbf, 0xa4, 0x25, 0xf6, 0xe6, 0x33, 0x59, 0x19, 0xf8, 0x01, 0x70, 0xfe,
  0x1f, 0x2b, 0x77, 0x99, 0x11, 0x1e, 0xb9, 0x88, 0xf9, 0xfe, 0xb8, 0x90,
  0x22, 0xb1, 0xb2, 0x1f, 0x43, 0x8c, 0x06, 0x3c, 0x19, 0x37, 0xfa, 0x52,
  0xbc, 0x3c, 0xbf, 0xe3, 0x10, 0x33, 0x6b, 0xf0, 0x81, 0x06, 0xdc, 0x0e,
  0xfa, 0x23, 0x02, 0x40, 0x3d, 0xae, 0xf2, 0x08, 0xca, 0x14, 0xd7, 0xf1,
  0x0e, 0xf6, 0xf3, 0xdf, 0xcd, 0xd7, 0x31, 0xfe, 0x0c, 0x0d, 0xdb, 0x0a,
  0xdd, 0xdb, 0x26, 0xec, 0x81, 0xdf, 0xbd, 0xfb, 0x2b, 0x06, 0x21, 0x1f,
  0x3f, 0xf3, 0xa1, 0x04, 0x13, 0xfd, 0x10, 0xf0, 0x2c, 0x0e, 0xe9, 0xf1,
  0xd2, 0xe0, 0x22, 0xc8, 0x08, 0xda, 0xd7, 0xd4, 0xfe, 0xd2, 0x0c, 0x1c,
  0x88, 0xdf, 0xc4, 0xc1, 0x35, 0x30, 0x32, 0x08, 0xfb, 0xb7, 0x94, 0x03,
  0xd6, 0x15, 0xe4, 0xa7, 0x16, 0xed, 0x23, 0x11, 0xc0, 0x14, 0xe9, 0xc0,
  0x0f, 0xda, 0x2a, 0xbb, 0xe0, 0xea, 0x26, 0x18, 0xda, 0x27, 0x2f, 0xfe,
  0xfb, 0x24, 0xea, 0xe2, 0x02, 0xeb, 0xdc, 0x1e, 0xfd, 0xf6, 0xdd, 0x08,
  0xcc, 0xe8, 0xd2, 0x15, 0xd0, 0x2e, 0x2a, 0x13, 0x0f, 0x19, 0xee, 0xd7,
  0xf7, 0x90, 0xf4, 0xf2, 0xe5, 0xe7, 0xe1, 0x00, 0x2a, 0x2e, 0x06, 0xe0,
  0x2a, 0x21, 0xdb, 0x03, 0x03, 0x21, 0xf1, 0x30, 0x0b, 0x09, 0xd5, 0xd8,
  0x26, 0x02, 0x12, 0xd4, 0x14, 0x07, 0xd5, 0x18, 0xf8, 0x98, 0xe4, 0x19,
  0x17, 0x1d, 0x0b, 0x23, 0xd0, 0xdf, 0x3a, 0x12, 0x1f, 0xde, 0xcf, 0xd1,
  0xbb, 0x29, 0x28, 0x30, 0x01, 0x0f, 0xe3, 0x07, 0x00, 0xee, 0xf8, 0x1a,
  0xd9, 0x1a, 0xc0, 0xd4, 0x17, 0x81, 0x29, 0xfc, 0x1d, 0xe7, 0x1f, 0x23,
  0x03, 0x03, 0xf3, 0x19, 0x2c, 0x13, 0xff, 0xb6, 0xeb, 0xf5, 0x07, 0x17,
  0xe1, 0xc7, 0xf2, 0x1a, 0x81, 0x08, 0x3c, 0xa3, 0x93, 0x30, 0x23, 0xbe,
  0xf5, 0x16, 0x96, 0xd7, 0x2b, 0x3a, 0xec, 0xdf, 0x37, 0x10, 0xd0, 0xec,
  0xee, 0x04, 0xfd, 0xb5, 0xe9, 0x2a, 0x17, 0x1b, 0xfb, 0xf2, 0xd7, 0xd0,
  0xa8, 0xef, 0x30, 0x00, 0xd7, 0xf1, 0xde, 0xda, 0xeb, 0xf2, 0xde, 0x04,
  0x01, 0x35, 0xe0, 0xd9, 0x18, 0x02, 0x10, 0x21, 0xea, 0x35, 0x2a, 0xca,
  0xf9, 0x13, 0x07, 0xd1, 0xd9, 0xd9, 0xbf, 0xa1, 0x1d, 0x19, 0x0e, 0xc7,
  0xf6, 0xf6, 0xfa, 0x17, 0xf9, 0xc8, 0xe4, 0x10, 0x39, 0x25, 0xe0, 0x2b,
  0xe7, 0x63, 0xdc, 0xc0, 0x8d, 0x47, 0xe8, 0xf5, 0x04, 0x0f, 0x15, 0xb9,
  0x07, 0xc3, 0xf3, 0x88, 0x3c, 0x22, 0x59, 0xa1, 0xea, 0xb1, 0xc8, 0x09,
  0xd8, 0xa2, 0xba, 0xc5, 0x0f, 0x9c, 0xcb, 0x35, 0xdc, 0x3c, 0xa8, 0xa1,
  0x23, 0x00, 0x45, 0xd5, 0xf1, 0xcd, 0x16, 0xe8, 0xf2, 0x27, 0x28, 0x9c,
  0x29, 0x16, 0x40, 0x23, 0xb9, 0x4c, 0x8d, 0x3c, 0x58, 0x1d, 0xe9, 0x39,
  0x5b, 0x3b, 0xf3, 0xb4, 0xea, 0xec, 0xf1, 0xb8, 0xb1, 0x09, 0x1f, 0x08,
  0xdb, 0x3e, 0x33, 0xe3, 0x9e, 0xe2, 0x81, 0x2a, 0x09, 0xd9, 0xc3, 0xa0,
  0x10, 0xba, 0xcb, 0x2d, 0x2f, 0xe2, 0xdf, 0x05, 0x11, 0xd0, 0xf6, 0xad,
  0xf8, 0xde, 0xf0, 0xe9, 0xf7, 0xe0, 0xf2, 0x04, 0xea, 0xee, 0xff, 0xd8,
  0xe2, 0x10, 0xfa, 0x81, 0xe8, 0xe1, 0xe0, 0xc7, 0xf0, 0xfd, 0xd3, 0xbb,
  0xe7, 0xd4, 0xf2, 0xe5, 0xe4, 0x00, 0x22, 0xdd, 0x26, 0xec, 0x07, 0x04,
  0x1e, 0x07, 0x19, 0xee, 0x16, 0x01, 0xf2, 0xf3, 0xbb, 0x20, 0x05, 0xe2,
  0x08, 0x07, 0x0f, 0xdf, 0xe5, 0xf0, 0xda, 0xf8, 0xfa, 0xf4, 0x02, 0x1a,
  0x38, 0x04, 0x1f, 0x03, 0xcb, 0x12, 0x18, 0x12, 0x05, 0x2f, 0x24, 0x16,
  0xbf, 0x0a, 0x01, 0x0a, 0x0e, 0x15, 0xfc, 0x06, 0x1c, 0xd8, 0x05, 0xf7,
  0xfe, 0xe0, 0x0b, 0x1b, 0x24, 0x48, 0x18, 0x2c, 0xe5, 0x22, 0x05, 0xfa,
  0xf3, 0x11, 0x14, 0xc8, 0x2b, 0xf4, 0xff, 0x0f, 0xfd, 0x37, 0xc2, 0x26,
  0xb4, 0x28, 0x09, 0xfd, 0x23, 0x32, 0xf4, 0xc2, 0x59, 0xf5, 0x14, 0x1b,
  0xa3, 0xfb, 0xe5, 0x4c, 0xeb, 0xf3, 0x6a, 0x40, 0xc0, 0x3d, 0x22, 0x35,
  0xea, 0xcc, 0xda, 0xf7, 0xd2, 0x26, 0x03, 0x12, 0x18, 0xec, 0x3b, 0xdc,
  0x05, 0xc3, 0x40, 0xc5, 0x2c, 0xe6, 0xf5, 0x30, 0x81, 0xff, 0xd4, 0x46,
  0xcb, 0x12, 0x4c, 0x2a, 0xc4, 0x35, 0xfc, 0xe9, 0x3e, 0xff, 0x24, 0xdf,
  0xeb, 0xcc, 0xcc, 0x31, 0xed, 0x17, 0xfd, 0x23, 0xfd, 0x34, 0xf6, 0xd3,
  0x00, 0xd6, 0x3b, 0xc1, 0xac, 0x02, 0x24, 0x29, 0x3a, 0xf6, 0x3d, 0x2c,
  0xbc, 0x1f, 0x1b, 0xf5, 0xaa, 0xe6, 0x28, 0x04, 0x93, 0x2f, 0xfc, 0x20,
  0x0d, 0x55, 0x11, 0xa0, 0xa1, 0x69, 0xec, 0x29, 0x18, 0xfc, 0xf7, 0xb9,
  0xa1, 0x01, 0x53, 0x6f, 0xba, 0xe8, 0xe9, 0xb1, 0x5c, 0xee, 0xb3, 0xf7,
  0x1e, 0xee, 0xbe, 0x0f, 0x21, 0x08, 0x9c, 0xee, 0x2e, 0xe4, 0x28, 0x00,
  0xfa, 0x31, 0xb9, 0x06, 0x68, 0x4d, 0xe9, 0x3d, 0xdb, 0xf2, 0x01, 0x37,
  0xe2, 0x14, 0xd3, 0xe7, 0xd5, 0x50, 0xf2, 0x43, 0x18, 0x0f, 0xae, 0x06,
  0xe9, 0x15, 0x81, 0xd3, 0x04, 0xf7, 0xea, 0x07, 0x09, 0x7e, 0x0a, 0xb5,
  0x35, 0xff, 0xc0, 0xfd, 0x1b, 0x55, 0x4f, 0xd6, 0x16, 0xe2, 0x41, 0xd8,
  0x3f, 0xcd, 0xfe, 0xf8, 0x06, 0x20, 0x81, 0x1f, 0x27, 0x1f, 0x49, 0xed,
  0xfa, 0xa6, 0xe5, 0x03, 0x36, 0xc4, 0x0a, 0x38, 0x07, 0x0a, 0xe2, 0x2a,
  0x18, 0x18, 0xba, 0x14, 0x2e, 0x17, 0xef, 0x26, 0x21, 0xe9, 0xe4, 0xb5,
  0x1e, 0xf5, 0xec, 0x02, 0xbe, 0x1c, 0x10, 0xef, 0x0b, 0x0e, 0x1c, 0xdd,
  0x1a, 0x03, 0xd1, 0xee, 0xdc, 0xcf, 0x4b, 0x46, 0xcc, 0x04, 0xd1, 0x14,
  0xdf, 0x13, 0xd9, 0x24, 0xba, 0xdd, 0x06, 0xb4, 0xf4, 0x1e, 0x25, 0x28,
  0xab, 0xcb, 0xde, 0x18, 0x01, 0xd8, 0x1a, 0x4d, 0x29, 0x21, 0xdb, 0xcb,
  0x16, 0xf8, 0xcf, 0x18, 0x2b, 0xfe, 0xbd, 0xeb, 0xea, 0x16, 0xcf, 0xcf,
  0x34, 0xae, 0x02, 0x15, 0xc3, 0x07, 0xbc, 0xe1, 0x02, 0xcd, 0xfe, 0x0b,
  0xcb, 0xca, 0x02, 0x07, 0x0e, 0xf7, 0xc8, 0x33, 0xa9, 0xc4, 0x02, 0x0c,
  0xbc, 0xf1, 0xe7, 0xe2, 0x14, 0xf8, 0xed, 0xdd, 0x18, 0x30, 0x05, 0xf6,
  0x06, 0xfd, 0x1c, 0xdd, 0x0a, 0x2a, 0xf1, 0x02, 0xeb, 0xa7, 0x20, 0x22,
  0x12, 0xe8, 0xdc, 0x0e, 0xe2, 0xf5, 0x1d, 0x10, 0x0d, 0x06, 0xe5, 0x0c,
  0x2c, 0xb3, 0xa8, 0xc2, 0xec, 0xe8, 0x25, 0xe3, 0x43, 0xa7, 0x03, 0x10,
  0xde, 0x16, 0xe6, 0xf8, 0x32, 0xa1, 0xeb, 0xfa, 0xfa, 0xc7, 0x1f, 0x93,
  0xd2, 0x33, 0x17, 0x0f, 0x0d, 0xf6, 0x81, 0xf4, 0x47, 0xe7, 0xec, 0xa8,
  0x29, 0x33, 0xa4, 0xe7, 0xf6, 0x19, 0x18, 0x35, 0xe9, 0x96, 0x3b, 0xf8,
  0xf5, 0xc1, 0x17, 0x1d, 0xf3, 0x0d, 0x39, 0x22, 0x99, 0xfe, 0x1b, 0xe3,
  0xfb, 0x2a, 0xdb, 0xff, 0x0f, 0x1a, 0x46, 0xfb, 0xf0, 0xf9, 0x34, 0xca,
  0x81, 0xd9, 0x19, 0xbc, 0x50, 0xdb, 0x3f, 0xa6, 0x1e, 0xda, 0xbd, 0xe2,
  0x26, 0xaf, 0x25, 0xed, 0x87, 0x27, 0xb6, 0x2c, 0xe6, 0x26, 0xfc, 0x10,
  0xb7, 0x32, 0xf9, 0xf8, 0x28, 0x4c, 0xbd, 0x34, 0xbc, 0xd8, 0x0c, 0x2b,
  0xd7, 0x2b, 0x15, 0xa3, 0x08, 0x17, 0xce, 0x31, 0x07, 0xd3, 0x59, 0xbe,
  0xb6, 0xe8, 0xf1, 0x03, 0x1b, 0x36, 0x36, 0xdf, 0x27, 0xf0, 0x00, 0xeb,
  0xf6, 0x0b, 0x9f, 0x17, 0xfb, 0x9d, 0xe1, 0xd6, 0xca, 0x1b, 0xf8, 0x4c,
  0xe9, 0x50, 0xe3, 0xc8, 0x31, 0xf9, 0xe2, 0xdf, 0x18, 0x23, 0xcb, 0xdd,
  0xb2, 0x1c, 0xc4, 0x66, 0xdc, 0x55, 0x22, 0x2f, 0x42, 0x14, 0xbf, 0xb0,
  0xad, 0x93, 0xd5, 0x19, 0x02, 0x9e, 0xc3, 0x5e, 0xf5, 0x4f, 0x2d, 0x59,
  0xd3, 0xb1, 0xbf, 0x64, 0xf9, 0x53, 0xb1, 0xe0, 0xc2, 0x3a, 0x51, 0x7f,
  0x17, 0x20, 0xe4, 0xee, 0x4e, 0xab, 0x1b, 0x2e, 0xe1, 0xcb, 0x53, 0xfd,
  0xed, 0xdb, 0x4b, 0xbf, 0x46, 0x26, 0x20, 0x0d, 0x59, 0xc4, 0x1e, 0x2e,
  0xfd, 0x31, 0x48, 0x54, 0xe7, 0x04, 0xfe, 0x29, 0xc7, 0x95, 0x20, 0xd6,
  0x2b, 0x12, 0xf5, 0xdd, 0xba, 0xbf, 0x08, 0xa7, 0x09, 0x81, 0xec, 0xf2,
  0xb0, 0x38, 0x15, 0xc5, 0xcb, 0xc0, 0x2c, 0x06, 0x00, 0x0d, 0x2d, 0x0a,
  0xf6, 0xbb, 0x26, 0x36, 0xe5, 0x18, 0xea, 0xde, 0xf9, 0xf0, 0xe3, 0x2b,
  0x02, 0x0c, 0x18, 0x06, 0x97, 0xbc, 0xf3, 0xf7, 0x30, 0x13, 0x30, 0xcf,
  0xad, 0xd9, 0x04, 0x5c, 0xb6, 0x00, 0xf2, 0xfa, 0xf7, 0xaa, 0x97, 0x5f,
  0x22, 0xa4, 0x2d, 0xef, 0xaa, 0xff, 0x40, 0xed, 0x12, 0xbf, 0xb4, 0x37,
  0x1e, 0xf9, 0x1a, 0x0c, 0xca, 0xa9, 0x3c, 0xb0, 0xe0, 0x20, 0x00, 0xc3,
  0x46, 0xfe, 0x1e, 0xdd, 0x0f, 0xf9, 0xd0, 0x43, 0x2f, 0x3a, 0xbb, 0x3d,
  0xde, 0xc9, 0x84, 0xcd, 0x31, 0x0a, 0x1e, 0xb3, 0xd5, 0xc4, 0x38, 0x02,
  0x32, 0x01, 0xa3, 0x35, 0xc5, 0x07, 0xfa, 0x1b, 0xc8, 0xb4, 0xf1, 0xbd,
  0xdc, 0x13, 0xdb, 0xcb, 0xf9, 0xc9, 0xb7, 0x0f, 0x1f, 0xe4, 0xc9, 0xd7,
  0x31, 0xed, 0xd3, 0xe1, 0xdd, 0xc1, 0xf9, 0x40, 0xf7, 0x17, 0x81, 0x33,
  0x0e, 0x07, 0xb5, 0x11, 0xb8, 0x18, 0x32, 0xc9, 0x46, 0xe5, 0x21, 0x93,
  0x09, 0x0f, 0x10, 0x1c, 0x21, 0xca, 0x8a, 0xed, 0x08, 0x5e, 0xe2, 0x45,
  0xb0, 0x16, 0xcc, 0xf4, 0x4b, 0xdd, 0xd6, 0xf3, 0xbc, 0x2e, 0xce, 0x38,
  0x05, 0xca, 0x1a, 0x1f, 0x5f, 0xf7, 0xda, 0xb0, 0xb4, 0xbc, 0x5b, 0x9e,
  0xd5, 0x31, 0xfc, 0x23, 0xd2, 0xe3, 0x0b, 0xdb, 0x81, 0xba, 0x06, 0xe6,
  0x3d, 0x16, 0x8d, 0x0f, 0x8f, 0xc9, 0x25, 0xf1, 0x21, 0xf9, 0x24, 0xee,
  0xe8, 0x17, 0x0a, 0xda, 0x0c, 0x16, 0x78, 0x93, 0xc4, 0x33, 0xf1, 0xe4,
  0xcf, 0xc4, 0x01, 0xd7, 0x0f, 0xa6, 0x4a, 0xe1, 0x3f, 0xa8, 0x4d, 0x3c,
  0xdf, 0xf9, 0x0b, 0x36, 0xe5, 0xce, 0x2c, 0xf3, 0xfc, 0x0f, 0xdb, 0xf1,
  0xf0, 0x01, 0x7d, 0xca, 0x00, 0x04, 0xae, 0x8f, 0xf2, 0x33, 0xd9, 0x2f,
  0x03, 0x02, 0xf8, 0x3b, 0x03, 0xe6, 0x4e, 0x3e, 0x0e, 0xd7, 0xa0, 0xfa,
  0xc5, 0x2c, 0xfb, 0x55, 0x16, 0x31, 0x31, 0x15, 0xf3, 0x41, 0x9e, 0x26,
  0x2c, 0x1c, 0x36, 0xf9, 0xa8, 0xce, 0x43, 0xd7, 0x47, 0x18, 0x35, 0xba,
  0xf5, 0xe4, 0x2e, 0x06, 0xcf, 0xda, 0xd8, 0xd8, 0xfc, 0x94, 0xd1, 0x42,
  0xca, 0xdb, 0x9f, 0x1c, 0xdc, 0x04, 0xae, 0xd5, 0xd7, 0x05, 0xf2, 0x32,
  0xdf, 0x10, 0x43, 0x15, 0x06, 0xf4, 0xfa, 0xb7, 0xfb, 0xba, 0xc3, 0x02,
  0xfa, 0x1f, 0x07, 0xe1, 0x1a, 0xa9, 0x81, 0x29, 0xf3, 0xbe, 0xc8, 0xea,
  0xef, 0xef, 0xa2, 0x1a, 0xc9, 0xe8, 0xe9, 0x4d, 0xf9, 0xe7, 0xb2, 0x15,
  0x07, 0x20, 0x01, 0xf0, 0xc5, 0xe6, 0xc8, 0x22, 0x19, 0xec, 0x23, 0xda,
  0x29, 0xfc, 0xc3, 0x0d, 0xe6, 0xd3, 0xaf, 0xb3, 0xc0, 0xe2, 0x15, 0x0e,
  0xce, 0xea, 0xb5, 0xea, 0xd4, 0x31, 0xfb, 0xdb, 0xbe, 0xf8, 0x81, 0x33,
  0x01, 0xb0, 0xf9, 0xb3, 0x44, 0x11, 0xfa, 0x2a, 0x1f, 0x5a, 0x3e, 0xb5,
  0x08, 0xda, 0x0a, 0xd0, 0xef, 0x94, 0x04, 0xe9, 0xbb, 0xcb, 0x1a, 0xfe,
  0x0e, 0xe6, 0x17, 0x54, 0xd4, 0x13, 0x9a, 0xde, 0x16, 0xbf, 0xe8, 0xb2,
  0xfd, 0xec, 0xd5, 0x06, 0x1a, 0xd4, 0xf8, 0x89, 0xcf, 0xfa, 0xf3, 0x17,
  0xb7, 0xf3, 0xd5, 0xb2, 0x07, 0x1e, 0x28, 0xce, 0xc5, 0xd2, 0x17, 0x47,
  0xef, 0xc0, 0x97, 0xe3, 0x2b, 0x25, 0x20, 0xd4, 0x4f, 0xfc, 0xe4, 0x22,
  0x36, 0x3c, 0x0b, 0xbc, 0x2e, 0x01, 0x1d, 0x33, 0xea, 0xf4, 0xff, 0xff,
  0x04, 0x00, 0x00, 0x00, 0x00, 0x01, 0x00, 0x00, 0xfb, 0xff, 0xff, 0xff,
  0x01, 0x00, 0x00, 0x00, 0x00, 0x00, 0x00, 0x00, 0xff, 0xff, 0xff, 0xff,
  0x00, 0x00, 0x00, 0x00, 0xfe, 0xff, 0xff, 0xff, 0xff, 0xff, 0xff, 0xff,
  0x02, 0x00, 0x00, 0x00, 0xfe, 0xff, 0xff, 0xff, 0xfe, 0xff, 0xff, 0xff,
  0xff, 0xff, 0xff, 0xff, 0x01, 0x00, 0x00, 0x00, 0xff, 0xff, 0xff, 0xff,
  0xfe, 0xff, 0xff, 0xff, 0x00, 0x00, 0x00, 0x00, 0xff, 0xff, 0xff, 0xff,
  0xfe, 0xff, 0xff, 0xff, 0xfe, 0xff, 0xff, 0xff, 0x01, 0x00, 0x00, 0x00,
  0xff, 0xff, 0xff, 0xff, 0x01, 0x00, 0x00, 0x00, 0x02, 0x00, 0x00, 0x00,
  0x00, 0x00, 0x00, 0x00, 0x00, 0x00, 0x00, 0x00, 0xff, 0xff, 0xff, 0xff,
  0x01, 0x00, 0x00, 0x00, 0x02, 0x00, 0x00, 0x00, 0xfe, 0xff, 0xff, 0xff,
  0x03, 0x00, 0x00, 0x00, 0xff, 0xff, 0xff, 0xff, 0x00, 0x00, 0x00, 0x00,
  0x03, 0x00, 0x00, 0x00, 0x00, 0x00, 0x00, 0x00, 0xfd, 0xff, 0xff, 0xff,
  0xf9, 0xff, 0xff, 0xff, 0xfe, 0xff, 0xff, 0xff, 0xfe, 0xff, 0xff, 0xff,
  0x00, 0x00, 0x00, 0x00, 0x01, 0x00, 0x00, 0x00, 0x01, 0x00, 0x00, 0x00,
  0x01, 0x00, 0x00, 0x00, 0xfe, 0xff, 0xff, 0xff, 0xf9, 0xff, 0xff, 0xff,
  0xfe, 0xff, 0xff, 0xff, 0x00, 0x00, 0x00, 0x00, 0x00, 0x00, 0x00, 0x00,
  0x00, 0x00, 0x00, 0x00, 0xfc, 0xff, 0xff, 0xff, 0x01, 0x00, 0x00, 0x00,
  0x00, 0x00, 0x00, 0x00, 0x00, 0x00, 0x00, 0x00, 0xfe, 0xff, 0xff, 0xff,
  0xfe, 0xff, 0xff, 0xff, 0xff, 0xff, 0xff, 0xff, 0x00, 0x00, 0x00, 0x00,
  0x01, 0x00, 0x00, 0x00, 0xfe, 0xff, 0xff, 0xff, 0x00, 0x00, 0x00, 0x00,
  0x01, 0x00, 0x00, 0x00, 0xf7, 0xff, 0xff, 0xff, 0xfe, 0xff, 0xff, 0xff,
  0xfc, 0xff, 0xff, 0xff, 0xff, 0xff, 0xff, 0xff, 0xfe, 0xff, 0xff, 0xff,
  0xf6, 0xf5, 0xff, 0xff, 0x04, 0x00, 0x00, 0x00, 0x00, 0x08, 0x00, 0x00,
  0x4f, 0xb6, 0x2d, 0xa2, 0xb4, 0xc9, 0xab, 0xaf, 0xd2, 0x6d, 0x37, 0x04,
  0xd7, 0x2e, 0x0b, 0x3a, 0xbb, 0xfa, 0x82, 0xd9, 0x34, 0xf6, 0x17, 0x44,
  0x43, 0x27, 0x28, 0xd3, 0xae, 0xa8, 0x4d, 0x04, 0x90, 0x7f, 0x12, 0xa4,
  0xf1, 0x64, 0xcd, 0xeb, 0x08, 0xea, 0xc4, 0x0b, 0x14, 0x3e, 0xc2, 0xb2,
  0xd3, 0x15, 0x3c, 0x12, 0xed, 0xa7, 0xd7, 0xc3, 0xe3, 0xfc, 0xdd, 0x9d,
  0xbb, 0xa2, 0x0f, 0x03, 0xef, 0xa5, 0x85, 0x19, 0xd6, 0xd7, 0xb4, 0x1e,
  0xb9, 0xf7, 0x1f, 0xce, 0xee, 0xb0, 0xf5, 0xe3, 0xb3, 0xb2, 0x0b, 0xe5,
  0x17, 0x81, 0xa5, 0xfd, 0x03, 0xb2, 0xea, 0xed, 0x05, 0x26, 0x18, 0xd6,
  0xb1, 0xe3, 0xdf, 0x04, 0x21, 0x20, 0x0d, 0xeb, 0xaf, 0x1e, 0x17, 0xc1,
  0xe9, 0xc0, 0xea, 0xf4, 0xcf, 0xe9, 0xdb, 0x0b, 0xd5, 0xe7, 0xe1, 0xe7,
  0xa5, 0xdd, 0x31, 0xf3, 0x05, 0x0e, 0x39, 0x01, 0xf1, 0x24, 0x81, 0x35,
  0x16, 0xf7, 0x05, 0xd6, 0x0a, 0xc6, 0x55, 0x19, 0x04, 0x2c, 0x0f, 0x0c,
  0x15, 0x33, 0xdf, 0x32, 0xf6, 0xee, 0x11, 0x1b, 0xcc, 0x0d, 0xec, 0x09,
  0xe5, 0xe5, 0x99, 0xd5, 0xa3, 0x27, 0xef, 0xe5, 0xfe, 0xfb, 0xcd, 0xd9,
  0xd6, 0xf5, 0xd6, 0x34, 0xf7, 0x0a, 0x1d, 0xe9, 0x25, 0x23, 0x17, 0xe8,
  0x49, 0xcc, 0xe3, 0xae, 0x8e, 0xd1, 0x14, 0x12, 0x1e, 0xdb, 0xe9, 0x24,
  0xe2, 0xdc, 0xf4, 0xd1, 0x22, 0x16, 0xd8, 0x11, 0x81, 0x0d, 0xb3, 0x18,
  0x1b, 0xb4, 0xcd, 0xfb, 0x19, 0x97, 0xf1, 0xd0, 0xfa, 0xc0, 0xcd, 0xe1,
  0x1a, 0xed, 0x09, 0xe9, 0xc5, 0xef, 0xfc, 0x1e, 0xd3, 0x81, 0xff, 0xc1,
  0xda, 0x29, 0xe9, 0x09, 0xf1, 0x04, 0xdf, 0xe1, 0x13, 0xd8, 0x17, 0xfc,
  0xd9, 0xef, 0xf2, 0xe8, 0xb2, 0xf8, 0x02, 0x11, 0x93, 0xce, 0xf5, 0xfe,
  0x0d, 0xe6, 0xd3, 0x04, 0xe4, 0x07, 0x20, 0x35, 0x2b, 0xfc, 0x06, 0xf3,
  0xf2, 0x07, 0x11, 0xa5, 0xe3, 0xe9, 0xe4, 0xf6, 0xc1, 0x2e, 0xcf, 0xd5,
  0x41, 0x05, 0xec, 0x1a, 0x43, 0xd1, 0xda, 0x13, 0xc1, 0x1a, 0x26, 0x3b,
  0xd6, 0x14, 0x18, 0x39, 0xe9, 0x15, 0xf4, 0x64, 0xf3, 0xd0, 0x05, 0xfb,
  0xcb, 0x81, 0xd1, 0xf1, 0x37, 0xcb, 0xcd, 0x32, 0xaa, 0x41, 0xa6, 0x42,
  0xd7, 0xaf, 0xc8, 0xf6, 0xa4, 0x2a, 0x50, 0xe3, 0x10, 0x17, 0x2d, 0xac,
  0x2f, 0x02, 0x2f, 0x18, 0xfb, 0xde, 0x07, 0xd5, 0xbc, 0xfe, 0xba, 0x49,
  0xb1, 0xf8, 0xc2, 0xda, 0x1c, 0xa4, 0xe2, 0xde, 0xcf, 0xd2, 0xfe, 0x0a,
  0x18, 0xf5, 0xf6, 0xd0, 0xbe, 0x54, 0x5e, 0xa5, 0xc4, 0x0e, 0xc3, 0x32,
  0xd1, 0xe0, 0xc2, 0xd1, 0xde, 0xe8, 0xbf, 0xb8, 0xf7, 0x00, 0xe7, 0xf4,
  0xdd, 0xea, 0x10, 0xd9, 0x10, 0xd2, 0xeb, 0xc8, 0x81, 0xd4, 0xc8, 0xf4,
  0xdf, 0x01, 0x2b, 0x05, 0x3d, 0x12, 0xb3, 0xef, 0x01, 0xa7, 0x09, 0x09,
  0x98, 0xa0, 0x09, 0x32, 0x81, 0x67, 0x1e, 0xe3, 0x3b, 0xab, 0x1a, 0x5f,
  0x6b, 0xd7, 0x0c, 0x0b, 0x8a, 0xd0, 0xa4, 0xb0, 0x34, 0x48, 0xee, 0x15,
  0xbd, 0x53, 0x94, 0x19, 0x18, 0xd5, 0xd1, 0x66, 0xc9, 0x32, 0x10, 0x20,
  0x15, 0xd8, 0x0e, 0x13, 0x1f, 0x21, 0xe7, 0x9c, 0x18, 0xda, 0x8e, 0xc0,
  0x11, 0xe2, 0xd4, 0x0d, 0xfb, 0xf6, 0xd1, 0xd1, 0x25, 0xed, 0xf0, 0x0b,
  0xb9, 0x21, 0x5d, 0xe2, 0xdb, 0xd5, 0xcb, 0x35, 0x20, 0x31, 0xe0, 0x39,
  0xdd, 0x22, 0xf8, 0xc2, 0x24, 0xed, 0xef, 0xda, 0xd1, 0x13, 0xda, 0x35,
  0xce, 0x34, 0x09, 0x34, 0x83, 0x18, 0xfe, 0x24, 0x2f, 0x12, 0x8b, 0x5f,
  0x21, 0x2e, 0x0d, 0xf9, 0x15, 0xe0, 0xef, 0x0e, 0x2d, 0xbf, 0xf1, 0xa3,
  0x3f, 0x31, 0xcc, 0x1c, 0x4e, 0x81, 0x37, 0x03, 0xb6, 0x92, 0xc5, 0xe3,
  0xcd, 0x55, 0x74, 0x06, 0xd5, 0x7d, 0xf9, 0x60, 0x02, 0xdd, 0x81, 0xfc,
  0xa5, 0xed, 0x27, 0x2f, 0xe9, 0x1b, 0xb9, 0x01, 0x97, 0x21, 0xca, 0xd1,
  0x12, 0xc4, 0xaa, 0x3e, 0xa7, 0xf3, 0xf6, 0x66, 0xdd, 0x10, 0x2e, 0xe1,
  0xb9, 0xf4, 0x08, 0x1c, 0x51, 0xe4, 0xea, 0xfe, 0x90, 0xdc, 0x84, 0xe3,
  0xba, 0xae, 0x29, 0x07, 0xaa, 0x23, 0x9e, 0x2a, 0x9d, 0x21, 0x77, 0xd0,
  0xa8, 0x3e, 0xbf, 0xed, 0xb0, 0xdd, 0xed, 0x81, 0x21, 0x1a, 0x10, 0x2f,
  0x42, 0xd4, 0x8c, 0x3d, 0x43, 0x40, 0x48, 0x95, 0xf2, 0xd4, 0xf5, 0xa1,
  0xe1, 0xe9, 0x0b, 0xf0, 0x86, 0x5e, 0x09, 0xd3, 0x03, 0xfa, 0xa3, 0x20,
  0xbc, 0xb4, 0x17, 0xf2, 0xb5, 0xdc, 0x9e, 0xf7, 0xa6, 0xde, 0xd1, 0xc2,
  0x02, 0xb2, 0xf9, 0xeb, 0x44, 0xcc, 0xe2, 0xf0, 0x47, 0x36, 0x95, 0x9e,
  0xec, 0x10, 0xe4, 0xef, 0x05, 0xe1, 0x2d, 0xce, 0xe0, 0x11, 0xd5, 0xc5,
  0xe5, 0xfa, 0x24, 0x10, 0xd1, 0x6c, 0xc4, 0xb1, 0x2a, 0x60, 0x26, 0xf6,
  0x19, 0x1e, 0x2b, 0x0c, 0x18, 0x0d, 0x7f, 0x47, 0xe9, 0x41, 0x82, 0xef,
  0x88, 0xfe, 0x2f, 0xc9, 0xac, 0x32, 0xa8, 0x00, 0xfe, 0x1a, 0x05, 0xfd,
  0xbf, 0xd5, 0x21, 0xc4, 0xe2, 0xc6, 0xb7, 0x1a, 0x5d, 0x01, 0xf2, 0x26,
  0x00, 0xf7, 0xe3, 0xf9, 0xf6, 0xd8, 0x17, 0x8a, 0x16, 0xcb, 0x04, 0xf2,
  0xfd, 0x2f, 0x47, 0x20, 0x1b, 0x25, 0xe9, 0xd1, 0xda, 0xe2, 0xa2, 0xc2,
  0xe7, 0x70, 0xe6, 0xc4, 0xfd, 0x32, 0x0c, 0x1d, 0x0f, 0xff, 0x46, 0xbe,
  0xa0, 0x18, 0x2f, 0xd5, 0x41, 0x0c, 0x5e, 0xe5, 0x26, 0xe6, 0xf1, 0x7f,
  0x35, 0x14, 0xf4, 0xf1, 0xf6, 0xd8, 0xe2, 0xca, 0xe1, 0x32, 0xf9, 0x2f,
  0x42, 0xd0, 0x19, 0x98, 0x34, 0xe6, 0x03, 0x5b, 0xdb, 0xf7, 0x40, 0xe3,
  0xf3, 0x46, 0x21, 0xf6, 0xe6, 0xd2, 0xc0, 0x0e, 0xe8, 0x24, 0x3a, 0x04,
  0xfb, 0x4c, 0xf0, 0x18, 0x09, 0x16, 0x12, 0x34, 0x15, 0x1a, 0xf9, 0x1f,
  0x15, 0x14, 0x2e, 0xf6, 0x0c, 0x02, 0xf0, 0xe2, 0x55, 0x1d, 0x12, 0x02,
  0x0a, 0x14, 0x16, 0xe7, 0x5d, 0xdc, 0x15, 0x2e, 0xdd, 0xfd, 0xdd, 0x0f,
  0xf0, 0x1a, 0x11, 0x12, 0x36, 0x24, 0x04, 0x1c, 0x7f, 0x1a, 0xe3, 0x3d,
  0x04, 0xe6, 0xc3, 0x14, 0x70, 0xf8, 0xec, 0xd9, 0x3e, 0x2f, 0x26, 0xaf,
  0x86, 0xd1, 0x5a, 0x34, 0xb7, 0xd4, 0xf2, 0x9c, 0xa2, 0x18, 0x06, 0x04,
  0x3f, 0xba, 0x6a, 0xa2, 0xc0, 0x46, 0x90, 0x2e, 0x9d, 0xe7, 0x8e, 0x9b,
  0xe7, 0xd2, 0xcc, 0x81, 0x9a, 0xa6, 0x8b, 0xf6, 0x66, 0x1a, 0xc1, 0xa6,
  0x0a, 0xc6, 0xf1, 0xa0, 0x0e, 0xe9, 0x60, 0xf1, 0xe9, 0x65, 0x85, 0xfd,
  0x5a, 0xff, 0xdc, 0x31, 0x67, 0xd3, 0xb0, 0x5d, 0x0b, 0xf0, 0xf8, 0xbc,
  0x10, 0xd1, 0xe6, 0x6b, 0x0a, 0x19, 0xbf, 0xa4, 0xfe, 0xe5, 0xa2, 0x9c,
  0x1e, 0xf6, 0xb5, 0x9e, 0x40, 0x61, 0x55, 0x9e, 0xc3, 0x2c, 0xd5, 0x07,
  0xa4, 0x3c, 0xd1, 0xbb, 0xe8, 0x20, 0xf6, 0xb7, 0xcf, 0xb9, 0xd4, 0x42,
  0xd5, 0xa5, 0x40, 0xd7, 0x47, 0x30, 0x81, 0x21, 0xdd, 0xf5, 0x3e, 0x9a,
  0x04, 0x9b, 0xcb, 0x32, 0xe7, 0x3e, 0x8c, 0xb3, 0x2b, 0x37, 0x46, 0xef,
  0xdf, 0x1f, 0x09, 0x1e, 0xeb, 0x2d, 0x2a, 0x28, 0xc3, 0xe6, 0x1e, 0x1e,
  0x1b, 0x0d, 0x14, 0x26, 0x03, 0xcb, 0xc5, 0xda, 0x27, 0xdc, 0x14, 0x38,
  0xe0, 0x22, 0x23, 0xed, 0x13, 0xc0, 0xee, 0x15, 0x81, 0xdb, 0xbb, 0xc8,
  0xeb, 0xc4, 0xee, 0xef, 0x3c, 0x22, 0xd9, 0x35, 0xf5, 0x09, 0xc1, 0xd4,
  0xf7, 0xe2, 0x4b, 0x09, 0xb5, 0xfa, 0xeb, 0xd4, 0xbb, 0x44, 0xd0, 0xb5,
  0x10, 0xeb, 0x22, 0xc4, 0x03, 0x57, 0x45, 0xfa, 0x81, 0xdd, 0xe4, 0xed,
  0x21, 0xfb, 0xf6, 0x20, 0xcc, 0x5b, 0x2a, 0xea, 0x11, 0x1a, 0x11, 0x0d,
  0xf4, 0x07, 0x0d, 0x09, 0xec, 0x01, 0x28, 0xbe, 0xe3, 0xe9, 0xe7, 0x21,
  0x5d, 0x2d, 0x23, 0xf6, 0x14, 0x18, 0xf9, 0x88, 0x56, 0xe2, 0xe3, 0x19,
  0xfc, 0xfd, 0x35, 0xfb, 0x24, 0x19, 0x1c, 0x04, 0x2e, 0xe6, 0xdd, 0x1a,
  0x52, 0x3f, 0x23, 0x34, 0xdb, 0x1e, 0xbe, 0xdd, 0xea, 0xed, 0x22, 0xae,
  0x17, 0xa9, 0xc1, 0x0c, 0x00, 0x02, 0xce, 0xd6, 0x1c, 0x52, 0xc8, 0xe7,
  0x81, 0xbc, 0xa0, 0xd8, 0x0e, 0xa3, 0xea, 0x07, 0xa8, 0xfe, 0xda, 0x29,
  0xde, 0xa2, 0xcd, 0xec, 0x16, 0xdd, 0x0e, 0xfe, 0xea, 0xa4, 0x0f, 0xc0,
  0xcd, 0x10, 0x05, 0x0a, 0xfc, 0x37, 0x3f, 0x2a, 0xe9, 0x24, 0x08, 0x37,
  0xec, 0x1f, 0xef, 0xc2, 0x03, 0x33, 0xec, 0xde, 0x96, 0x33, 0xda, 0xbb,
  0xe8, 0xba, 0xf9, 0xcb, 0x13, 0x25, 0x0b, 0x0b, 0xb2, 0x2a, 0x9b, 0xb4,
  0x2f, 0xf5, 0xd8, 0x9a, 0xe1, 0xd4, 0x23, 0xd7, 0xf8, 0xf4, 0x32, 0xef,
  0xd6, 0x0a, 0xd8, 0x06, 0x23, 0x28, 0xe9, 0x1e, 0xb7, 0xae, 0xbb, 0xd7,
  0x30, 0xd1, 0xd0, 0xf8, 0xfc, 0xea, 0x19, 0xfc, 0xfc, 0xa0, 0xe3, 0x0d,
  0xca, 0xd9, 0xec, 0x05, 0x04, 0xf0, 0xea, 0xc8, 0x10, 0xf8, 0xdd, 0xcc,
  0x81, 0xc2, 0x58, 0x09, 0xf2, 0xe2, 0x81, 0x4c, 0x1f, 0x26, 0xd0, 0xeb,
  0xe8, 0xb5, 0xe1, 0x10, 0xeb, 0x2e, 0x09, 0xd3, 0x38, 0xef, 0x21, 0x0c,
  0xf2, 0xfb, 0x2e, 0xd9, 0x3d, 0xed, 0x20, 0xd5, 0xd9, 0xc9, 0x0a, 0xe3,
  0xd1, 0xaf, 0x15, 0xe6, 0xd1, 0x2a, 0x9d, 0x22, 0x19, 0xf2, 0x03, 0xff,
  0xf3, 0xee, 0x23, 0x0a, 0xda, 0xd3, 0xea, 0xbb, 0xe2, 0xd1, 0xa6, 0xcd,
  0xe3, 0xee, 0xf2, 0xd3, 0xc5, 0xee, 0x24, 0xb3, 0xe6, 0xdb, 0xdd, 0xf5,
  0xe2, 0x61, 0xe7, 0x5c, 0x58, 0x8d, 0xbe, 0x13, 0x17, 0x0f, 0xe2, 0xe4,
  0xea, 0xa9, 0xb3, 0xc3, 0xc9, 0xc8, 0xd2, 0xc3, 0x25, 0x8b, 0x01, 0xc2,
  0xbb, 0xc2, 0x09, 0xff, 0x93, 0xc5, 0xb4, 0xab, 0xf5, 0xb5, 0xfd, 0x1c,
  0xf5, 0x21, 0x1e, 0xc5, 0x8b, 0xa8, 0xf0, 0xda, 0x0d, 0xe9, 0xa1, 0x2e,
  0xa5, 0xef, 0x0b, 0x81, 0xf1, 0xd6, 0x2f, 0xff, 0x5e, 0xc3, 0xfe, 0xf9,
  0x3c, 0x11, 0x11, 0x23, 0xe6, 0xe3, 0x8d, 0xe4, 0x27, 0xfd, 0xbd, 0xd1,
  0x56, 0x32, 0x23, 0x2b, 0x0f, 0x18, 0x81, 0xd9, 0xde, 0x32, 0x1c, 0x44,
  0x15, 0x28, 0x0c, 0xb3, 0xe2, 0xd9, 0x2a, 0xd1, 0x5a, 0xaa, 0x20, 0x19,
  0xfe, 0xff, 0xe4, 0x03, 0x6f, 0x0a, 0x24, 0xea, 0x37, 0x1e, 0x0f, 0xa9,
  0x0e, 0xfc, 0xf0, 0x12, 0x0d, 0xd0, 0xf6, 0x25, 0x4b, 0x0f, 0xd9, 0x33,
  0x03, 0xec, 0x9a, 0xcf, 0xc6, 0xe2, 0xb3, 0xc9, 0x26, 0x97, 0x36, 0x2d,
  0xfb, 0x3a, 0xf7, 0xe1, 0x95, 0xc5, 0xfe, 0x34, 0x3b, 0xc8, 0xe8, 0x3c,
  0xe2, 0x20, 0xb2, 0x55, 0x3d, 0xfd, 0x21, 0xb5, 0xf9, 0x25, 0xbb, 0x25,
  0x12, 0x0e, 0xc7, 0xb7, 0xb7, 0xef, 0x10, 0x21, 0xcb, 0x92, 0x90, 0xea,
  0xe2, 0x81, 0x3a, 0xaa, 0xb4, 0x0e, 0xbc, 0xc2, 0xbb, 0x51, 0xd1, 0x3e,
  0x55, 0x9f, 0xc4, 0x33, 0x6c, 0x0a, 0xdb, 0x2d, 0xec, 0x97, 0xb4, 0xcc,
  0xf6, 0x40, 0xf8, 0x24, 0xd1, 0x1d, 0xc9, 0x4c, 0x0f, 0xc3, 0x27, 0xda,
  0xe4, 0xef, 0xe2, 0xee, 0x2e, 0xde, 0xf9, 0x02, 0x36, 0x13, 0xee, 0x50,
  0xe1, 0x1b, 0xc5, 0xf3, 0x86, 0xf9, 0xd1, 0x08, 0xf8, 0x81, 0xda, 0x19,
  0xcd, 0xdf, 0x0b, 0xe2, 0x03, 0x22, 0x2c, 0x15, 0xcc, 0x31, 0x23, 0x31,
  0x01, 0x05, 0x24, 0x39, 0x90, 0x2f, 0xfd, 0xaf, 0xdc, 0xe8, 0x7e, 0xeb,
  0xaf, 0x1b, 0xc7, 0xb0, 0xe8, 0x2e, 0xc5, 0xed, 0x18, 0x2b, 0xb4, 0x27,
  0xbe, 0xb9, 0x45, 0xd0, 0xf1, 0x19, 0xe4, 0x1e, 0x36, 0x01, 0xad, 0x4f,
  0x2f, 0xb2, 0xf9, 0x08, 0xd8, 0xe9, 0x6b, 0xa8, 0x94, 0xca, 0xaa, 0x89,
  0xe6, 0xf7, 0x0e, 0xd1, 0xc7, 0xaf, 0xba, 0x19, 0xf9, 0xf9, 0xd9, 0x1b,
  0x41, 0x10, 0xfc, 0x95, 0xd6, 0x2d, 0x91, 0xa1, 0xf9, 0x42, 0x81, 0x53,
  0x38, 0xf1, 0xea, 0x21, 0x1b, 0x9d, 0xde, 0xf3, 0x01, 0x37, 0x0b, 0x19,
  0x04, 0x0f, 0xbe, 0x09, 0xde, 0xce, 0x19, 0xcc, 0x26, 0xd2, 0x03, 0xe1,
  0xef, 0xed, 0xf5, 0x28, 0x07, 0x12, 0x1b, 0x2c, 0xf1, 0xf9, 0xda, 0xeb,
  0x81, 0xbb, 0xf6, 0x08, 0x1e, 0xc5, 0x03, 0x31, 0xe7, 0x1c, 0x2b, 0xd4,
  0x0f, 0x15, 0x0c, 0xf1, 0x19, 0x1b, 0xea, 0xde, 0xfe, 0x14, 0xe0, 0xf7,
  0xb8, 0xfc, 0x18, 0x14, 0x09, 0x1d, 0x22, 0xdb, 0x09, 0xe9, 0x81, 0xf5,
  0xee, 0xca, 0xdb, 0x1d, 0x16, 0x05, 0x03, 0xdf, 0x9d, 0x31, 0x15, 0x2a,
  0x1b, 0x33, 0xa5, 0x17, 0xae, 0xdc, 0x26, 0xda, 0xda, 0x14, 0xd3, 0xd2,
  0xf1, 0x97, 0xe2, 0x3a, 0xea, 0x54, 0x2e, 0xe4, 0x08, 0x19, 0xcd, 0x2b,
  0x06, 0xc9, 0x08, 0xa5, 0xaa, 0x3b, 0xd4, 0x01, 0xa8, 0xe3, 0x08, 0xc4,
  0x34, 0xb9, 0x11, 0x14, 0x41, 0x12, 0x14, 0x1b, 0xba, 0x0e, 0xf3, 0xe1,
  0x12, 0xf2, 0xea, 0x17, 0x05, 0xfc, 0xec, 0x1c, 0xe3, 0xf1, 0xc3, 0x13,
  0xdc, 0x32, 0x0f, 0xd8, 0xd4, 0xb4, 0x03, 0x17, 0x20, 0xc0, 0x2d, 0xe3,
  0xd3, 0x07, 0x18, 0x3b, 0xe4, 0xdd, 0xe9, 0x12, 0xf7, 0xf3, 0xcd, 0xf0,
  0xd1, 0xe4, 0xde, 0x3c, 0x25, 0xbe, 0x18, 0xe3, 0xf6, 0x81, 0x20, 0x04,
  0xfb, 0x18, 0x3f, 0x00, 0xb8, 0xd4, 0xe4, 0x0b, 0xdb, 0x23, 0x1a, 0xfa,
  0xf0, 0xc8, 0xe8, 0xe7, 0x25, 0x30, 0x02, 0x07, 0x85, 0x3a, 0x10, 0xc5,
  0xee, 0x41, 0x04, 0xb2, 0x22, 0x21, 0xf5, 0xd0, 0x19, 0x0a, 0x2a, 0xea,
  0x81, 0x19, 0xe9, 0x01, 0x1a, 0xf1, 0xcc, 0x46, 0xdf, 0xbd, 0xfa, 0x01,
  0xb8, 0xcd, 0x2a, 0x13, 0xbf, 0x2b, 0xbe, 0xc9, 0xd0, 0x22, 0x3c, 0xbf,
  0xf2, 0x49, 0x3f, 0xfe, 0xb7, 0xb7, 0xfa, 0xff, 0xee, 0x24, 0x31, 0xc8,
  0xd4, 0xc2, 0x18, 0x52, 0x81, 0x42, 0xe7, 0x27, 0xcb, 0xb0, 0x81, 0xee,
  0x1c, 0x3b, 0x61, 0xbf, 0xbf, 0xee, 0x0b, 0x03, 0xf0, 0xd4, 0xcd, 0x20,
  0x36, 0x28, 0x08, 0x35, 0x08, 0x49, 0x05, 0x47, 0xfc, 0x30, 0xf8, 0x20,
  0x1b, 0x10, 0xcb, 0xd4, 0xe4, 0x9d, 0x98, 0xdf, 0xc0, 0x0d, 0x3a, 0x02,
  0x8a, 0xc5, 0x05, 0xfb, 0x27, 0x26, 0x32, 0x1e, 0xd4, 0xd5, 0xa1, 0xdd,
  0x16, 0x2a, 0xee, 0x45, 0xcc, 0x1f, 0xe9, 0xeb, 0x24, 0xea, 0x3b, 0x56,
  0x28, 0xc7, 0xa0, 0x15, 0xe2, 0x1c, 0x12, 0xd9, 0x38, 0x25, 0xe0, 0xec,
  0x29, 0xcc, 0xf7, 0xb1, 0x05, 0xbb, 0x00, 0x31, 0xf2, 0x06, 0x06, 0x25,
  0xe9, 0x07, 0xdd, 0xf1, 0xfe, 0xf7, 0xb1, 0xdf, 0xbd, 0xea, 0xb0, 0x06,
  0xf1, 0xb0, 0x26, 0x05, 0x81, 0xfd, 0xd8, 0x18, 0x07, 0x23, 0xe4, 0x06,
  0x2f, 0x18, 0xc5, 0x2c, 0x96, 0x0b, 0xf7, 0x18, 0xe9, 0x33, 0xd5, 0xea,
  0x39, 0x47, 0x5f, 0xe5, 0x20, 0xc5, 0x90, 0x1d, 0x28, 0xd1, 0x47, 0xc3,
  0x4e, 0xcf, 0xd5, 0x93, 0x94, 0x00, 0xd8, 0xcb, 0x85, 0x01, 0xab, 0x0e,
  0xdd, 0x41, 0xc0, 0xf3, 0x37, 0x90, 0x7f, 0x40, 0xb0, 0x1e, 0xfb, 0xf3,
  0xd4, 0xad, 0xf7, 0x01, 0x27, 0xbf, 0xa3, 0x4d, 0x1e, 0xcf, 0x36, 0x55,
  0x2a, 0xaa, 0xa0, 0xb8, 0x1c, 0x2c, 0xda, 0x1e, 0xba, 0x36, 0x3d, 0xb7,
  0xd6, 0xe9, 0xdc, 0x35, 0x8e, 0xb6, 0x33, 0xb0, 0x02, 0xfe, 0xff, 0xff,
  0x04, 0x00, 0x00, 0x00, 0x80, 0x00, 0x00, 0x00, 0xf9, 0xff, 0xff, 0xff,
  0x03, 0x00, 0x00, 0x00, 0x06, 0x00, 0x00, 0x00, 0x00, 0x00, 0x00, 0x00,
  0x00, 0x00, 0x00, 0x00, 0xf8, 0xff, 0xff, 0xff, 0xe9, 0xff, 0xff, 0xff,
  0xf9, 0xff, 0xff, 0xff, 0x13, 0x00, 0x00, 0x00, 0xea, 0xff, 0xff, 0xff,
  0xfb, 0xff, 0xff, 0xff, 0xf9, 0xff, 0xff, 0xff, 0x05, 0x00, 0x00, 0x00,
  0xf8, 0xff, 0xff, 0xff, 0xe0, 0xff, 0xff, 0xff, 0xfc, 0xff, 0xff, 0xff,
  0x03, 0x00, 0x00, 0x00, 0x07, 0x00, 0x00, 0x00, 0xf9, 0xff, 0xff, 0xff,
  0xdb, 0xff, 0xff, 0xff, 0xf3, 0xff, 0xff, 0xff, 0x03, 0x00, 0x00, 0x00,
  0x05, 0x00, 0x00, 0x00, 0xff, 0xff, 0xff, 0xff, 0xe5, 0xff, 0xff, 0xff,
  0xff, 0xff, 0xff, 0xff, 0xf8, 0xff, 0xff, 0xff, 0x09, 0x00, 0x00, 0x00,
  0xe8, 0xff, 0xff, 0xff, 0xfa, 0xff, 0xff, 0xff, 0xf7, 0xff, 0xff, 0xff,
  0xe2, 0xff, 0xff, 0xff, 0x8e, 0xfe, 0xff, 0xff, 0x04, 0x00, 0x00, 0x00,
  0x40, 0x00, 0x00, 0x00, 0x52, 0x08, 0x59, 0x56, 0xd0, 0xc8, 0xe5, 0xd8,
  0xc4, 0x53, 0x1b, 0x7f, 0xa0, 0x76, 0x4b, 0x30, 0x8c, 0x66, 0xbc, 0x4f,
  0xf9, 0x29, 0x34, 0x95, 0x1e, 0xbe, 0x47, 0x07, 0x2c, 0x75, 0x7b, 0xff,
  0x28, 0x27, 0x39, 0x70, 0x0b, 0x2c, 0xda, 0xb8, 0xf1, 0xf6, 0xe1, 0x51,
  0xde, 0x94, 0x3d, 0x16, 0xba, 0x72, 0xd6, 0x37, 0xe9, 0x45, 0x45, 0x81,
  0xe6, 0xac, 0x29, 0x1d, 0x3f, 0x4d, 0x44, 0xd0, 0xda, 0xfe, 0xff, 0xff,
  0x04, 0x00, 0x00, 0x00, 0x08, 0x00, 0x00, 0x00, 0xec, 0xff, 0xff, 0xff,
  0x12, 0x00, 0x00, 0x00, 0xee, 0xfe, 0xff, 0xff, 0x04, 0x00, 0x00, 0x00,
  0x0c, 0x00, 0x00, 0x00, 0xff, 0xff, 0xff, 0xff, 0x60, 0x00, 0x00, 0x00,
  0x40, 0x00, 0x00, 0x00, 0x06, 0xff, 0xff, 0xff, 0x04, 0x00, 0x00, 0x00,
  0x0c, 0x00, 0x00, 0x00, 0xff, 0xff, 0xff, 0xff, 0x62, 0x00, 0x00, 0x00,
  0x20, 0x00, 0x00, 0x00, 0x1e, 0xff, 0xff, 0xff, 0x04, 0x00, 0x00, 0x00,
  0x04, 0x00, 0x00, 0x00, 0x01, 0x00, 0x00, 0x00, 0x2e, 0xff, 0xff, 0xff,
  0x04, 0x00, 0x00, 0x00, 0x0c, 0x00, 0x00, 0x00, 0xff, 0xff, 0xff, 0xff,
  0xc4, 0x00, 0x00, 0x00, 0x20, 0x00, 0x00, 0x00, 0x46, 0xff, 0xff, 0xff,
  0x04, 0x00, 0x00, 0x00, 0x04, 0x00, 0x00, 0x00, 0xfd, 0xff, 0xff, 0xff,
  0xa4, 0xe0, 0xff, 0xff, 0xa8, 0xe0, 0xff, 0xff, 0x0f, 0x00, 0x00, 0x00,
  0x4d, 0x4c, 0x49, 0x52, 0x20, 0x43, 0x6f, 0x6e, 0x76, 0x65, 0x72, 0x74,
  0x65, 0x64, 0x2e, 0x00, 0x01, 0x00, 0x00, 0x00, 0x14, 0x00, 0x00, 0x00,
  0x00, 0x00, 0x0e, 0x00, 0x18, 0x00, 0x14, 0x00, 0x10, 0x00, 0x0c, 0x00,
  0x08, 0x00, 0x04, 0x00, 0x0e, 0x00, 0x00, 0x00, 0x14, 0x00, 0x00, 0x00,
  0x1c, 0x00, 0x00, 0x00, 0x3c, 0x03, 0x00, 0x00, 0x40, 0x03, 0x00, 0x00,
  0x44, 0x03, 0x00, 0x00, 0x04, 0x00, 0x00, 0x00, 0x6d, 0x61, 0x69, 0x6e,
  0x00, 0x00, 0x00, 0x00, 0x0d, 0x00, 0x00, 0x00, 0xf4, 0x02, 0x00, 0x00,
  0x90, 0x02, 0x00, 0x00, 0x58, 0x02, 0x00, 0x00, 0x1c, 0x02, 0x00, 0x00,
  0xc8, 0x01, 0x00, 0x00, 0x90, 0x01, 0x00, 0x00, 0x60, 0x01, 0x00, 0x00,
  0x18, 0x01, 0x00, 0x00, 0xf0, 0x00, 0x00, 0x00, 0xbc, 0x00, 0x00, 0x00,
  0x78, 0x00, 0x00, 0x00, 0x40, 0x00, 0x00, 0x00, 0x04, 0x00, 0x00, 0x00,
  0x6a, 0xfe, 0xff, 0xff, 0x1c, 0x00, 0x00, 0x00, 0x00, 0x00, 0x00, 0x09,
  0x1c, 0x00, 0x00, 0x00, 0x20, 0x00, 0x00, 0x00, 0x06, 0x00, 0x00, 0x00,
  0x00, 0x00, 0x06, 0x00, 0x08, 0x00, 0x04, 0x00, 0x06, 0x00, 0x00, 0x00,
  0x00, 0x00, 0x80, 0x3f, 0x01, 0x00, 0x00, 0x00, 0x1a, 0x00, 0x00, 0x00,
  0x01, 0x00, 0x00, 0x00, 0x19, 0x00, 0x00, 0x00, 0xe6, 0xfd, 0xff, 0xff,
  0x14, 0x00, 0x00, 0x00, 0x00, 0x00, 0x00, 0x08, 0x10, 0x00, 0x00, 0x00,
  0x14, 0x00, 0x00, 0x00, 0x05, 0x00, 0x00, 0x00, 0x84, 0xe1, 0xff, 0xff,
  0x01, 0x00, 0x00, 0x00, 0x19, 0x00, 0x00, 0x00, 0x03, 0x00, 0x00, 0x00,
  0x18, 0x00, 0x00, 0x00, 0x07, 0x00, 0x00, 0x00, 0x06, 0x00, 0x00, 0x00,
  0xd6, 0xfe, 0xff, 0xff, 0x1c, 0x00, 0x00, 0x00, 0x00, 0x00, 0x00, 0x08,
  0x1c, 0x00, 0x00, 0x00, 0x20, 0x00, 0x00, 0x00, 0x05, 0x00, 0x00, 0x00,
  0x00, 0x00, 0x06, 0x00, 0x08, 0x00, 0x07, 0x00, 0x06, 0x00, 0x00, 0x00,
  0x00, 0x00, 0x00, 0x01, 0x01, 0x00, 0x00, 0x00, 0x18, 0x00, 0x00, 0x00,
  0x03, 0x00, 0x00, 0x00, 0x17, 0x00, 0x00, 0x00, 0x09, 0x00, 0x00, 0x00,
  0x08, 0x00, 0x00, 0x00, 0x5a, 0xfe, 0xff, 0xff, 0x14, 0x00, 0x00, 0x00,
  0x00, 0x00, 0x00, 0x1b, 0x10, 0x00, 0x00, 0x00, 0x14, 0x00, 0x00, 0x00,
  0x04, 0x00, 0x00, 0x00, 0xf8, 0xe1, 0xff, 0xff, 0x01, 0x00, 0x00, 0x00,
  0x17, 0x00, 0x00, 0x00, 0x02, 0x00, 0x00, 0x00, 0x16, 0x00, 0x00, 0x00,
  0x03, 0x00, 0x00, 0x00, 0xba, 0xfe, 0xff, 0xff, 0x0c, 0x00, 0x00, 0x00,
  0x10, 0x00, 0x00, 0x00, 0x02, 0x00, 0x00, 0x00, 0x01, 0x00, 0x00, 0x00,
  0x16, 0x00, 0x00, 0x00, 0x02, 0x00, 0x00, 0x00, 0x15, 0x00, 0x00, 0x00,
  0x05, 0x00, 0x00, 0x00, 0xae, 0xfe, 0xff, 0xff, 0x14, 0x00, 0x00, 0x00,
  0x00, 0x00, 0x00, 0x01, 0x20, 0x00, 0x00, 0x00, 0x24, 0x00, 0x00, 0x00,
  0x01, 0x00, 0x00, 0x00, 0xa0, 0xfe, 0xff, 0xff, 0x00, 0x00, 0x00, 0x01,
  0x01, 0x00, 0x00, 0x00, 0x01, 0x00, 0x00, 0x00, 0x00, 0x00, 0x00, 0x01,
  0x01, 0x00, 0x00, 0x00, 0x15, 0x00, 0x00, 0x00, 0x03, 0x00, 0x00, 0x00,
  0x14, 0x00, 0x00, 0x00, 0x0b, 0x00, 0x00, 0x00, 0x0a, 0x00, 0x00, 0x00,
  0x92, 0xfe, 0xff, 0xff, 0x10, 0x00, 0x00, 0x00, 0x00, 0x00, 0x00, 0x34,
  0x0c, 0x00, 0x00, 0x00, 0x10, 0x00, 0x00, 0x00, 0x8c, 0xe2, 0xff, 0xff,
  0x01, 0x00, 0x00, 0x00, 0x14, 0x00, 0x00, 0x00, 0x02, 0x00, 0x00, 0x00,
  0x13, 0x00, 0x00, 0x00, 0x01, 0x00, 0x00, 0x00, 0x4e, 0xff, 0xff, 0xff,
  0x0c, 0x00, 0x00, 0x00, 0x10, 0x00, 0x00, 0x00, 0x02, 0x00, 0x00, 0x00,
  0x01, 0x00, 0x00, 0x00, 0x13, 0x00, 0x00, 0x00, 0x02, 0x00, 0x00, 0x00,
  0x12, 0x00, 0x00, 0x00, 0x04, 0x00, 0x00, 0x00, 0x00, 0x00, 0x0e, 0x00,
  0x1a, 0x00, 0x14, 0x00, 0x10, 0x00, 0x0c, 0x00, 0x0b, 0x00, 0x04, 0x00,
  0x0e, 0x00, 0x00, 0x00, 0x24, 0x00, 0x00, 0x00, 0x00, 0x00, 0x00, 0x05,
  0x34, 0x00, 0x00, 0x00, 0x38, 0x00, 0x00, 0x00, 0x03, 0x00, 0x00, 0x00,
  0x00, 0x00, 0x0e, 0x00, 0x18, 0x00, 0x17, 0x00, 0x10, 0x00, 0x0c, 0x00,
  0x08, 0x00, 0x04, 0x00, 0x0e, 0x00, 0x00, 0x00, 0x01, 0x00, 0x00, 0x00,
  0x02, 0x00, 0x00, 0x00, 0x01, 0x00, 0x00, 0x00, 0x02, 0x00, 0x00, 0x00,
  0x00, 0x00, 0x00, 0x01, 0x01, 0x00, 0x00, 0x00, 0x12, 0x00, 0x00, 0x00,
  0x01, 0x00, 0x00, 0x00, 0x11, 0x00, 0x00, 0x00, 0x42, 0xff, 0xff, 0xff,
  0x10, 0x00, 0x00, 0x00, 0x00, 0x00, 0x00, 0x34, 0x0c, 0x00, 0x00, 0x00,
  0x10, 0x00, 0x00, 0x00, 0x3c, 0xe3, 0xff, 0xff, 0x01, 0x00, 0x00, 0x00,
  0x11, 0x00, 0x00, 0x00, 0x02, 0x00, 0x00, 0x00, 0x10, 0x00, 0x00, 0x00,
  0x03, 0x00, 0x00, 0x00, 0x00, 0x00, 0x0a, 0x00, 0x10, 0x00, 0x0c, 0x00,
  0x08, 0x00, 0x04, 0x00, 0x0a, 0x00, 0x00, 0x00, 0x0c, 0x00, 0x00, 0x00,
  0x10, 0x00, 0x00, 0x00, 0x02, 0x00, 0x00, 0x00, 0x01, 0x00, 0x00, 0x00,
  0x10, 0x00, 0x00, 0x00, 0x02, 0x00, 0x00, 0x00, 0x0f, 0x00, 0x00, 0x00,
  0x02, 0x00, 0x00, 0x00, 0x00, 0x00, 0x0e, 0x00, 0x18, 0x00, 0x14, 0x00,
  0x10, 0x00, 0x0c, 0x00, 0x0b, 0x00, 0x04, 0x00, 0x0e, 0x00, 0x00, 0x00,
  0x20, 0x00, 0x00, 0x00, 0x00, 0x00, 0x00, 0x01, 0x2c, 0x00, 0x00, 0x00,
  0x30, 0x00, 0x00, 0x00, 0x01, 0x00, 0x00, 0x00, 0x0c, 0x00, 0x14, 0x00,
  0x13, 0x00, 0x0c, 0x00, 0x08, 0x00, 0x07, 0x00, 0x0c, 0x00, 0x00, 0x00,
  0x00, 0x00, 0x00, 0x01, 0x01, 0x00, 0x00, 0x00, 0x01, 0x00, 0x00, 0x00,
  0x00, 0x00, 0x00, 0x01, 0x01, 0x00, 0x00, 0x00, 0x0f, 0x00, 0x00, 0x00,
  0x03, 0x00, 0x00, 0x00, 0x0e, 0x00, 0x00, 0x00, 0x0d, 0x00, 0x00, 0x00,
  0x0c, 0x00, 0x00, 0x00, 0x00, 0x00, 0x0e, 0x00, 0x14, 0x00, 0x00, 0x00,
  0x10, 0x00, 0x0c, 0x00, 0x0b, 0x00, 0x04, 0x00, 0x0e, 0x00, 0x00, 0x00,
  0x10, 0x00, 0x00, 0x00, 0x00, 0x00, 0x00, 0x34, 0x0c, 0x00, 0x00, 0x00,
  0x10, 0x00, 0x00, 0x00, 0x08, 0xe4, 0xff, 0xff, 0x01, 0x00, 0x00, 0x00,
  0x0e, 0x00, 0x00, 0x00, 0x02, 0x00, 0x00, 0x00, 0x00, 0x00, 0x00, 0x00,
  0x01, 0x00, 0x00, 0x00, 0x01, 0x00, 0x00, 0x00, 0x1a, 0x00, 0x00, 0x00,
  0x01, 0x00, 0x00, 0x00, 0x00, 0x00, 0x00, 0x00, 0x1b, 0x00, 0x00, 0x00,
  0x04, 0x1c, 0x00, 0x00, 0xac, 0x1b, 0x00, 0x00, 0x38, 0x1b, 0x00, 0x00,
  0xfc, 0x1a, 0x00, 0x00, 0x9c, 0x1a, 0x00, 0x00, 0x40, 0x1a, 0x00, 0x00,
  0xc4, 0x19, 0x00, 0x00, 0x48, 0x19, 0x00, 0x00, 0x4c, 0x17, 0x00, 0x00,
  0x68, 0x15, 0x00, 0x00, 0x74, 0x11, 0x00, 0x00, 0x00, 0x0e, 0x00, 0x00,
  0x9c, 0x0b, 0x00, 0x00, 0xa8, 0x09, 0x00, 0x00, 0x04, 0x09, 0x00, 0x00,
  0xf0, 0x07, 0x00, 0x00, 0x00, 0x07, 0x00, 0x00, 0x58, 0x06, 0x00, 0x00,
  0xbc, 0x05, 0x00, 0x00, 0x24, 0x05, 0x00, 0x00, 0x84, 0x04, 0x00, 0x00,
  0x60, 0x03, 0x00, 0x00, 0x68, 0x02, 0x00, 0x00, 0xd8, 0x01, 0x00, 0x00,
  0x24, 0x01, 0x00, 0x00, 0x80, 0x00, 0x00, 0x00, 0x04, 0x00, 0x00, 0x00,
  0x7e, 0xe4, 0xff, 0xff, 0x00, 0x00, 0x00, 0x01, 0x18, 0x00, 0x00, 0x00,
  0x20, 0x00, 0x00, 0x00, 0x3c, 0x00, 0x00, 0x00, 0x1b, 0x00, 0x00, 0x00,
  0x00, 0x00, 0x00, 0x09, 0x50, 0x00, 0x00, 0x00, 0x02, 0x00, 0x00, 0x00,
  0xff, 0xff, 0xff, 0xff, 0x02, 0x00, 0x00, 0x00, 0x64, 0xe4, 0xff, 0xff,
  0x08, 0x00, 0x00, 0x00, 0x10, 0x00, 0x00, 0x00, 0x01, 0x00, 0x00, 0x00,
  0x80, 0xff, 0xff, 0xff, 0xff, 0xff, 0xff, 0xff, 0x01, 0x00, 0x00, 0x00,
  0x00, 0x00, 0x80, 0x3b, 0x1b, 0x00, 0x00, 0x00, 0x53, 0x74, 0x61, 0x74,
  0x65, 0x66, 0x75, 0x6c, 0x50, 0x61, 0x72, 0x74, 0x69, 0x74, 0x69, 0x6f,
  0x6e, 0x65, 0x64, 0x43, 0x61, 0x6c, 0x6c, 0x5f, 0x31, 0x3a, 0x30, 0x00,
  0x02, 0x00, 0x00, 0x00, 0x01, 0x00, 0x00, 0x00, 0x02, 0x00, 0x00, 0x00,
  0xf6, 0xe4, 0xff, 0xff, 0x00, 0x00, 0x00, 0x01, 0x18, 0x00, 0x00, 0x00,
  0x20, 0x00, 0x00, 0x00, 0x40, 0x00, 0x00, 0x00, 0x1a, 0x00, 0x00, 0x00,
  0x00, 0x00, 0x00, 0x09, 0x78, 0x00, 0x00, 0x00, 0x02, 0x00, 0x00, 0x00,
  0xff, 0xff, 0xff, 0xff, 0x02, 0x00, 0x00, 0x00, 0xdc, 0xe4, 0xff, 0xff,
  0x08, 0x00, 0x00, 0x00, 0x14, 0x00, 0x00, 0x00, 0x01, 0x00, 0x00, 0x00,
  0xf8, 0xff, 0xff, 0xff, 0xff, 0xff, 0xff, 0xff, 0x00, 0x00, 0x00, 0x00,
  0x01, 0x00, 0x00, 0x00, 0xcb, 0x7e, 0xe3, 0x3e, 0x3c, 0x00, 0x00, 0x00,
  0x73, 0x65, 0x71, 0x75, 0x65, 0x6e, 0x74, 0x69, 0x61, 0x6c, 0x5f, 0x31,
  0x2f, 0x64, 0x65, 0x6e, 0x73, 0x65, 0x5f, 0x31, 0x5f, 0x32, 0x2f, 0x4d,
  0x61, 0x74, 0x4d, 0x75, 0x6c, 0x3b, 0x73, 0x65, 0x71, 0x75, 0x65, 0x6e,
  0x74, 0x69, 0x61, 0x6c, 0x5f, 0x31, 0x2f, 0x64, 0x65, 0x6e, 0x73, 0x65,
  0x5f, 0x31, 0x5f, 0x32, 0x2f, 0x42, 0x69, 0x61, 0x73, 0x41, 0x64, 0x64,
  0x00, 0x00, 0x00, 0x00, 0x02, 0x00, 0x00, 0x00, 0x01, 0x00, 0x00, 0x00,
  0x02, 0x00, 0x00, 0x00, 0x96, 0xe5, 0xff, 0xff, 0x00, 0x00, 0x00, 0x01,
  0x18, 0x00, 0x00, 0x00, 0x20, 0x00, 0x00, 0x00, 0x3c, 0x00, 0x00, 0x00,
  0x19, 0x00, 0x00, 0x00, 0x00, 0x00, 0x00, 0x09, 0x88, 0x00, 0x00, 0x00,
  0x02, 0x00, 0x00, 0x00, 0xff, 0xff, 0xff, 0xff, 0x20, 0x00, 0x00, 0x00,
  0x7c, 0xe5, 0xff, 0xff, 0x08, 0x00, 0x00, 0x00, 0x10, 0x00, 0x00, 0x00,
  0x01, 0x00, 0x00, 0x00, 0x80, 0xff, 0xff, 0xff, 0xff, 0xff, 0xff, 0xff,
  0x01, 0x00, 0x00, 0x00, 0x14, 0xee, 0x32, 0x3f, 0x52, 0x00, 0x00, 0x00,
  0x73, 0x65, 0x71, 0x75, 0x65, 0x6e, 0x74, 0x69, 0x61, 0x6c, 0x5f, 0x31,
  0x2f, 0x64, 0x65, 0x6e, 0x73, 0x65, 0x5f, 0x31, 0x2f, 0x4d, 0x61, 0x74,
  0x4d, 0x75, 0x6c, 0x3b, 0x73, 0x65, 0x71, 0x75, 0x65, 0x6e, 0x74, 0x69,
  0x61, 0x6c, 0x5f, 0x31, 0x2f, 0x64, 0x65, 0x6e, 0x73, 0x65, 0x5f, 0x31,
  0x2f, 0x52, 0x65, 0x6c, 0x75, 0x3b, 0x73, 0x65, 0x71, 0x75, 0x65, 0x6e,
  0x74, 0x69, 0x61, 0x6c, 0x5f, 0x31, 0x2f, 0x64, 0x65, 0x6e, 0x73, 0x65,
  0x5f, 0x31, 0x2f, 0x42, 0x69, 0x61, 0x73, 0x41, 0x64, 0x64, 0x00, 0x00,
  0x02, 0x00, 0x00, 0x00, 0x01, 0x00, 0x00, 0x00, 0x20, 0x00, 0x00, 0x00,
  0x46, 0xe6, 0xff, 0xff, 0x00, 0x00, 0x00, 0x01, 0x18, 0x00, 0x00, 0x00,
  0x20, 0x00, 0x00, 0x00, 0x3c, 0x00, 0x00, 0x00, 0x18, 0x00, 0x00, 0x00,
  0x00, 0x00, 0x00, 0x09, 0x64, 0x00, 0x00, 0x00, 0x02, 0x00, 0x00, 0x00,
  0xff, 0xff, 0xff, 0xff, 0x40, 0x00, 0x00, 0x00, 0x2c, 0xe6, 0xff, 0xff,
  0x08, 0x00, 0x00, 0x00, 0x10, 0x00, 0x00, 0x00, 0x01, 0x00, 0x00, 0x00,
  0x80, 0xff, 0xff, 0xff, 0xff, 0xff, 0xff, 0xff, 0x01, 0x00, 0x00, 0x00,
  0x53, 0x40, 0x09, 0x40, 0x2c, 0x00, 0x00, 0x00, 0x73, 0x65, 0x71, 0x75,
  0x65, 0x6e, 0x74, 0x69, 0x61, 0x6c, 0x5f, 0x31, 0x2f, 0x67, 0x6c, 0x6f,
  0x62, 0x61, 0x6c, 0x5f, 0x61, 0x76, 0x65, 0x72, 0x61, 0x67, 0x65, 0x5f,
  0x70, 0x6f, 0x6f, 0x6c, 0x69, 0x6e, 0x67, 0x31, 0x64, 0x5f, 0x31, 0x2f,
  0x4d, 0x65, 0x61, 0x6e, 0x00, 0x00, 0x00, 0x00, 0x02, 0x00, 0x00, 0x00,
  0x01, 0x00, 0x00, 0x00, 0x40, 0x00, 0x00, 0x00, 0xd2, 0xe6, 0xff, 0xff,
  0x00, 0x00, 0x00, 0x01, 0x18, 0x00, 0x00, 0x00, 0x24, 0x00, 0x00, 0x00,
  0x44, 0x00, 0x00, 0x00, 0x17, 0x00, 0x00, 0x00, 0x00, 0x00, 0x00, 0x09,
  0xc8, 0x00, 0x00, 0x00, 0x03, 0x00, 0x00, 0x00, 0xff, 0xff, 0xff, 0xff,
  0x60, 0x00, 0x00, 0x00, 0x40, 0x00, 0x00, 0x00, 0xbc, 0xe6, 0xff, 0xff,
  0x08, 0x00, 0x00, 0x00, 0x14, 0x00, 0x00, 0x00, 0x01, 0x00, 0x00, 0x00,
  0x80, 0xff, 0xff, 0xff, 0xff, 0xff, 0xff, 0xff, 0x00, 0x00, 0x00, 0x00,
  0x01, 0x00, 0x00, 0x00, 0x4e, 0x03, 0x35, 0x41, 0x88, 0x00, 0x00, 0x00,
  0x73, 0x65, 0x71, 0x75, 0x65, 0x6e, 0x74, 0x69, 0x61, 0x6c, 0x5f, 0x31,
  0x2f, 0x63, 0x6f, 0x6e, 0x76, 0x31, 0x64, 0x5f, 0x31, 0x5f, 0x32, 0x2f,
  0x52, 0x65, 0x6c, 0x75, 0x3b, 0x73, 0x65, 0x71, 0x75, 0x65, 0x6e, 0x74,
  0x69, 0x61, 0x6c, 0x5f, 0x31, 0x2f, 0x63, 0x6f, 0x6e, 0x76, 0x31, 0x64,
  0x5f, 0x31, 0x5f, 0x32, 0x2f, 0x42, 0x69, 0x61, 0x73, 0x41, 0x64, 0x64,
  0x3b, 0x73, 0x65, 0x71, 0x75, 0x65, 0x6e, 0x74, 0x69, 0x61, 0x6c, 0x5f,
  0x31, 0x2f, 0x63, 0x6f, 0x6e, 0x76, 0x31, 0x64, 0x5f, 0x31, 0x5f, 0x32,
  0x2f, 0x63, 0x6f, 0x6e, 0x76, 0x6f, 0x6c, 0x75, 0x74, 0x69, 0x6f, 0x6e,
  0x2f, 0x53, 0x71, 0x75, 0x65, 0x65, 0x7a, 0x65, 0x3b, 0x73, 0x65, 0x71,
  0x75, 0x65, 0x6e, 0x74, 0x69, 0x61, 0x6c, 0x5f, 0x31, 0x2f, 0x63, 0x6f,
  0x6e, 0x76, 0x31, 0x64, 0x5f, 0x31, 0x5f, 0x32, 0x2f, 0x53, 0x71, 0x75,
  0x65, 0x65, 0x7a, 0x65, 0x00, 0x00, 0x00, 0x00, 0x03, 0x00, 0x00, 0x00,
  0x01, 0x00, 0x00, 0x00, 0x60, 0x00, 0x00, 0x00, 0x40, 0x00, 0x00, 0x00,
  0xc6, 0xe7, 0xff, 0xff, 0x00, 0x00, 0x00, 0x01, 0x18, 0x00, 0x00, 0x00,
  0x28, 0x00, 0x00, 0x00, 0x48, 0x00, 0x00, 0x00, 0x16, 0x00, 0x00, 0x00,
  0x00, 0x00, 0x00, 0x09, 0xf0, 0x00, 0x00, 0x00, 0x04, 0x00, 0x00, 0x00,
  0xff, 0xff, 0xff, 0xff, 0x01, 0x00, 0x00, 0x00, 0x60, 0x00, 0x00, 0x00,
  0x40, 0x00, 0x00, 0x00, 0xb4, 0xe7, 0xff, 0xff, 0x08, 0x00, 0x00, 0x00,
  0x14, 0x00, 0x00, 0x00, 0x01, 0x00, 0x00, 0x00, 0x80, 0xff, 0xff, 0xff,
  0xff, 0xff, 0xff, 0xff, 0x00, 0x00, 0x00, 0x00, 0x01, 0x00, 0x00, 0x00,
  0x4e, 0x03, 0x35, 0x41, 0xad, 0x00, 0x00, 0x00, 0x73, 0x65, 0x71, 0x75,
  0x65, 0x6e, 0x74, 0x69, 0x61, 0x6c, 0x5f, 0x31, 0x2f, 0x63, 0x6f, 0x6e,
  0x76, 0x31, 0x64, 0x5f, 0x31, 0x5f, 0x32, 0x2f, 0x52, 0x65, 0x6c, 0x75,
  0x3b, 0x73, 0x65, 0x71, 0x75, 0x65, 0x6e, 0x74, 0x69, 0x61, 0x6c, 0x5f,
  0x31, 0x2f, 0x63, 0x6f, 0x6e, 0x76, 0x31, 0x64, 0x5f, 0x31, 0x5f, 0x32,
  0x2f, 0x42, 0x69, 0x61, 0x73, 0x41, 0x64, 0x64, 0x3b, 0x73, 0x65, 0x71,
  0x75, 0x65, 0x6e, 0x74, 0x69, 0x61, 0x6c, 0x5f, 0x31, 0x2f, 0x63, 0x6f,
  0x6e, 0x76, 0x31, 0x64, 0x5f, 0x31, 0x5f, 0x32, 0x2f, 0x63, 0x6f, 0x6e,
  0x76, 0x6f, 0x6c, 0x75, 0x74, 0x69, 0x6f, 0x6e, 0x2f, 0x53, 0x71, 0x75,
  0x65, 0x65, 0x7a, 0x65, 0x3b, 0x73, 0x65, 0x71, 0x75, 0x65, 0x6e, 0x74,
  0x69, 0x61, 0x6c, 0x5f, 0x31, 0x2f, 0x63, 0x6f, 0x6e, 0x76, 0x31, 0x64,
  0x5f, 0x31, 0x5f, 0x32, 0x2f, 0x53, 0x71, 0x75, 0x65, 0x65, 0x7a, 0x65,
  0x3b, 0x73, 0x65, 0x71, 0x75, 0x65, 0x6e, 0x74, 0x69, 0x61, 0x6c, 0x5f,
  0x31, 0x2f, 0x63, 0x6f, 0x6e, 0x76, 0x31, 0x64, 0x5f, 0x31, 0x5f, 0x32,
  0x2f, 0x63, 0x6f, 0x6e, 0x76, 0x6f, 0x6c, 0x75, 0x74, 0x69, 0x6f, 0x6e,
  0x31, 0x00, 0x00, 0x00, 0x04, 0x00, 0x00, 0x00, 0x01, 0x00, 0x00, 0x00,
  0x01, 0x00, 0x00, 0x00, 0x60, 0x00, 0x00, 0x00, 0x40, 0x00, 0x00, 0x00,
  0xe6, 0xe8, 0xff, 0xff, 0x00, 0x00, 0x00, 0x01, 0x18, 0x00, 0x00, 0x00,
  0x28, 0x00, 0x00, 0x00, 0x44, 0x00, 0x00, 0x00, 0x15, 0x00, 0x00, 0x00,
  0x00, 0x00, 0x00, 0x09, 0x6c, 0x00, 0x00, 0x00, 0x04, 0x00, 0x00, 0x00,
  0xff, 0xff, 0xff, 0xff, 0x01, 0x00, 0x00, 0x00, 0x62, 0x00, 0x00, 0x00,
  0x20, 0x00, 0x00, 0x00, 0xd4, 0xe8, 0xff, 0xff, 0x08, 0x00, 0x00, 0x00,
  0x10, 0x00, 0x00, 0x00, 0x01, 0x00, 0x00, 0x00, 0x80, 0xff, 0xff, 0xff,
  0xff, 0xff, 0xff, 0xff, 0x01, 0x00, 0x00, 0x00, 0x34, 0x99, 0x8b, 0x41,
  0x2e, 0x00, 0x00, 0x00, 0x73, 0x65, 0x71, 0x75, 0x65, 0x6e, 0x74, 0x69,
  0x61, 0x6c, 0x5f, 0x31, 0x2f, 0x63, 0x6f, 0x6e, 0x76, 0x31, 0x64, 0x5f,
  0x31, 0x5f, 0x32, 0x2f, 0x63, 0x6f, 0x6e, 0x76, 0x6f, 0x6c, 0x75, 0x74,
  0x69, 0x6f, 0x6e, 0x2f, 0x45, 0x78, 0x70, 0x61, 0x6e, 0x64, 0x44, 0x69,
  0x6d, 0x73, 0x00, 0x00, 0x04, 0x00, 0x00, 0x00, 0x01, 0x00, 0x00, 0x00,
  0x01, 0x00, 0x00, 0x00, 0x62, 0x00, 0x00, 0x00, 0x20, 0x00, 0x00, 0x00,
  0x82, 0xe9, 0xff, 0xff, 0x00, 0x00, 0x00, 0x01, 0x18, 0x00, 0x00, 0x00,
  0x24, 0x00, 0x00, 0x00, 0x40, 0x00, 0x00, 0x00, 0x14, 0x00, 0x00, 0x00,
  0x00, 0x00, 0x00, 0x09, 0x68, 0x00, 0x00, 0x00, 0x03, 0x00, 0x00, 0x00,
  0xff, 0xff, 0xff, 0xff, 0x62, 0x00, 0x00, 0x00, 0x20, 0x00, 0x00, 0x00,
  0x6c, 0xe9, 0xff, 0xff, 0x08, 0x00, 0x00, 0x00, 0x10, 0x00, 0x00, 0x00,
  0x01, 0x00, 0x00, 0x00, 0x80, 0xff, 0xff, 0xff, 0xff, 0xff, 0xff, 0xff,
  0x01, 0x00, 0x00, 0x00, 0x34, 0x99, 0x8b, 0x41, 0x2f, 0x00, 0x00, 0x00,
  0x73, 0x65, 0x71, 0x75, 0x65, 0x6e, 0x74, 0x69, 0x61, 0x6c, 0x5f, 0x31,
  0x2f, 0x6d, 0x61, 0x78, 0x5f, 0x70, 0x6f, 0x6f, 0x6c, 0x69, 0x6e, 0x67,
  0x31, 0x64, 0x5f, 0x31, 0x2f, 0x4d, 0x61, 0x78, 0x50, 0x6f, 0x6f, 0x6c,
  0x31, 0x64, 0x2f, 0x53, 0x71, 0x75, 0x65, 0x65, 0x7a, 0x65, 0x31, 0x00,
  0x03, 0x00, 0x00, 0x00, 0x01, 0x00, 0x00, 0x00, 0x62, 0x00, 0x00, 0x00,
  0x20, 0x00, 0x00, 0x00, 0x16, 0xea, 0xff, 0xff, 0x00, 0x00, 0x00, 0x01,
  0x18, 0x00, 0x00, 0x00, 0x28, 0x00, 0x00, 0x00, 0x48, 0x00, 0x00, 0x00,
  0x13, 0x00, 0x00, 0x00, 0x00, 0x00, 0x00, 0x09, 0x68, 0x00, 0x00, 0x00,
  0x04, 0x00, 0x00, 0x00, 0xff, 0xff, 0xff, 0xff, 0x01, 0x00, 0x00, 0x00,
  0x62, 0x00, 0x00, 0x00, 0x20, 0x00, 0x00, 0x00, 0x04, 0xea, 0xff, 0xff,
  0x08, 0x00, 0x00, 0x00, 0x14, 0x00, 0x00, 0x00, 0x01, 0x00, 0x00, 0x00,
  0x80, 0xff, 0xff, 0xff, 0xff, 0xff, 0xff, 0xff, 0x00, 0x00, 0x00, 0x00,
  0x01, 0x00, 0x00, 0x00, 0x34, 0x99, 0x8b, 0x41, 0x26, 0x00, 0x00, 0x00,
  0x73, 0x65, 0x71, 0x75, 0x65, 0x6e, 0x74, 0x69, 0x61, 0x6c, 0x5f, 0x31,
  0x2f, 0x6d, 0x61, 0x78, 0x5f, 0x70, 0x6f, 0x6f, 0x6c, 0x69, 0x6e, 0x67,
  0x31, 0x64, 0x5f, 0x31, 0x2f, 0x4d, 0x61, 0x78, 0x50, 0x6f, 0x6f, 0x6c,
  0x31, 0x64, 0x00, 0x00, 0x04, 0x00, 0x00, 0x00, 0x01, 0x00, 0x00, 0x00,
  0x01, 0x00, 0x00, 0x00, 0x62, 0x00, 0x00, 0x00, 0x20, 0x00, 0x00, 0x00,
  0xae, 0xea, 0xff, 0xff, 0x00, 0x00, 0x00, 0x01, 0x18, 0x00, 0x00, 0x00,
  0x28, 0x00, 0x00, 0x00, 0x48, 0x00, 0x00, 0x00, 0x12, 0x00, 0x00, 0x00,
  0x00, 0x00, 0x00, 0x09, 0x74, 0x00, 0x00, 0x00, 0x04, 0x00, 0x00, 0x00,
  0xff, 0xff, 0xff, 0xff, 0x01, 0x00, 0x00, 0x00, 0xc4, 0x00, 0x00, 0x00,
  0x20, 0x00, 0x00, 0x00, 0x9c, 0xea, 0xff, 0xff, 0x08, 0x00, 0x00, 0x00,
  0x14, 0x00, 0x00, 0x00, 0x01, 0x00, 0x00, 0x00, 0x80, 0xff, 0xff, 0xff,
  0xff, 0xff, 0xff, 0xff, 0x00, 0x00, 0x00, 0x00, 0x01, 0x00, 0x00, 0x00,
  0x34, 0x99, 0x8b, 0x41, 0x31, 0x00, 0x00, 0x00, 0x73, 0x65, 0x71, 0x75,
  0x65, 0x6e, 0x74, 0x69, 0x61, 0x6c, 0x5f, 0x31, 0x2f, 0x6d, 0x61, 0x78,
  0x5f, 0x70, 0x6f, 0x6f, 0x6c, 0x69, 0x6e, 0x67, 0x31, 0x64, 0x5f, 0x31,
  0x2f, 0x4d, 0x61, 0x78, 0x50, 0x6f, 0x6f, 0x6c, 0x31, 0x64, 0x2f, 0x45,
  0x78, 0x70, 0x61, 0x6e, 0x64, 0x44, 0x69, 0x6d, 0x73, 0x00, 0x00, 0x00,
  0x04, 0x00, 0x00, 0x00, 0x01, 0x00, 0x00, 0x00, 0x01, 0x00, 0x00, 0x00,
  0xc4, 0x00, 0x00, 0x00, 0x20, 0x00, 0x00, 0x00, 0x52, 0xeb, 0xff, 0xff,
  0x00, 0x00, 0x00, 0x01, 0x18, 0x00, 0x00, 0x00, 0x24, 0x00, 0x00, 0x00,
  0x44, 0x00, 0x00, 0x00, 0x11, 0x00, 0x00, 0x00, 0x00, 0x00, 0x00, 0x09,
  0xc0, 0x00, 0x00, 0x00, 0x03, 0x00, 0x00, 0x00, 0xff, 0xff, 0xff, 0xff,
  0xc4, 0x00, 0x00, 0x00, 0x20, 0x00, 0x00, 0x00, 0x3c, 0xeb, 0xff, 0xff,
  0x08, 0x00, 0x00, 0x00, 0x14, 0x00, 0x00, 0x00, 0x01, 0x00, 0x00, 0x00,
  0x80, 0xff, 0xff, 0xff, 0xff, 0xff, 0xff, 0xff, 0x00, 0x00, 0x00, 0x00,
  0x01, 0x00, 0x00, 0x00, 0x34, 0x99, 0x8b, 0x41, 0x80, 0x00, 0x00, 0x00,
  0x73, 0x65, 0x71, 0x75, 0x65, 0x6e, 0x74, 0x69, 0x61, 0x6c, 0x5f, 0x31,
  0x2f, 0x63, 0x6f, 0x6e, 0x76, 0x31, 0x64, 0x5f, 0x31, 0x2f, 0x52, 0x65,
  0x6c, 0x75, 0x3b, 0x73, 0x65, 0x71, 0x75, 0x65, 0x6e, 0x74, 0x69, 0x61,
  0x6c, 0x5f, 0x31, 0x2f, 0x63, 0x6f, 0x6e, 0x76, 0x31, 0x64, 0x5f, 0x31,
  0x2f, 0x42, 0x69, 0x61, 0x73, 0x41, 0x64, 0x64, 0x3b, 0x73, 0x65, 0x71,
  0x75, 0x65, 0x6e, 0x74, 0x69, 0x61, 0x6c, 0x5f, 0x31, 0x2f, 0x63, 0x6f,
  0x6e, 0x76, 0x31, 0x64, 0x5f, 0x31, 0x2f, 0x63, 0x6f, 0x6e, 0x76, 0x6f,
  0x6c, 0x75, 0x74, 0x69, 0x6f, 0x6e, 0x2f, 0x53, 0x71, 0x75, 0x65, 0x65,
  0x7a, 0x65, 0x3b, 0x73, 0x65, 0x71, 0x75, 0x65, 0x6e, 0x74, 0x69, 0x61,
  0x6c, 0x5f, 0x31, 0x2f, 0x63, 0x6f, 0x6e, 0x76, 0x31, 0x64, 0x5f, 0x31,
  0x2f, 0x53, 0x71, 0x75, 0x65, 0x65, 0x7a, 0x65, 0x00, 0x00, 0x00, 0x00,
  0x03, 0x00, 0x00, 0x00, 0x01, 0x00, 0x00, 0x00, 0xc4, 0x00, 0x00, 0x00,
  0x20, 0x00, 0x00, 0x00, 0x3e, 0xec, 0xff, 0xff, 0x00, 0x00, 0x00, 0x01,
  0x18, 0x00, 0x00, 0x00, 0x28, 0x00, 0x00, 0x00, 0x44, 0x00, 0x00, 0x00,
  0x10, 0x00, 0x00, 0x00, 0x00, 0x00, 0x00, 0x09, 0xe0, 0x00, 0x00, 0x00,
  0x04, 0x00, 0x00, 0x00, 0xff, 0xff, 0xff, 0xff, 0x01, 0x00, 0x00, 0x00,
  0xc4, 0x00, 0x00, 0x00, 0x20, 0x00, 0x00, 0x00, 0x2c, 0xec, 0xff, 0xff,
  0x08, 0x00, 0x00, 0x00, 0x10, 0x00, 0x00, 0x00, 0x01, 0x00, 0x00, 0x00,
  0x80, 0xff, 0xff, 0xff, 0xff, 0xff, 0xff, 0xff, 0x01, 0x00, 0x00, 0x00,
  0x34, 0x99, 0x8b, 0x41, 0xa3, 0x00, 0x00, 0x00, 0x73, 0x65, 0x71, 0x75,
  0x65, 0x6e, 0x74, 0x69, 0x61, 0x6c, 0x5f, 0x31, 0x2f, 0x63, 0x6f, 0x6e,
  0x76, 0x31, 0x64, 0x5f, 0x31, 0x2f, 0x52, 0x65, 0x6c, 0x75, 0x3b, 0x73,
  0x65, 0x71, 0x75, 0x65, 0x6e, 0x74, 0x69, 0x61, 0x6c, 0x5f, 0x31, 0x2f,
  0x63, 0x6f, 0x6e, 0x76, 0x31, 0x64, 0x5f, 0x31, 0x2f, 0x42, 0x69, 0x61,
  0x73, 0x41, 0x64, 0x64, 0x3b, 0x73, 0x65, 0x71, 0x75, 0x65, 0x6e, 0x74,
  0x69, 0x61, 0x6c, 0x5f, 0x31, 0x2f, 0x63, 0x6f, 0x6e, 0x76, 0x31, 0x64,
  0x5f, 0x31, 0x2f, 0x63, 0x6f, 0x6e, 0x76, 0x6f, 0x6c, 0x75, 0x74, 0x69,
  0x6f, 0x6e, 0x2f, 0x53, 0x71, 0x75, 0x65, 0x65, 0x7a, 0x65, 0x3b, 0x73,
  0x65, 0x71, 0x75, 0x65, 0x6e, 0x74, 0x69, 0x61, 0x6c, 0x5f, 0x31, 0x2f,
  0x63, 0x6f, 0x6e, 0x76, 0x31, 0x64, 0x5f, 0x31, 0x2f, 0x53, 0x71, 0x75,
  0x65, 0x65, 0x7a, 0x65, 0x3b, 0x73, 0x65, 0x71, 0x75, 0x65, 0x6e, 0x74,
  0x69, 0x61, 0x6c, 0x5f, 0x31, 0x2f, 0x63, 0x6f, 0x6e, 0x76, 0x31, 0x64,
  0x5f, 0x31, 0x2f, 0x63, 0x6f, 0x6e, 0x76, 0x6f, 0x6c, 0x75, 0x74, 0x69,
  0x6f, 0x6e, 0x31, 0x00, 0x04, 0x00, 0x00, 0x00, 0x01, 0x00, 0x00, 0x00,
  0x01, 0x00, 0x00, 0x00, 0xc4, 0x00, 0x00, 0x00, 0x20, 0x00, 0x00, 0x00,
  0x4e, 0xed, 0xff, 0xff, 0x00, 0x00, 0x00, 0x01, 0x18, 0x00, 0x00, 0x00,
  0x28, 0x00, 0x00, 0x00, 0x48, 0x00, 0x00, 0x00, 0x0f, 0x00, 0x00, 0x00,
  0x00, 0x00, 0x00, 0x09, 0x70, 0x00, 0x00, 0x00, 0x04, 0x00, 0x00, 0x00,
  0xff, 0xff, 0xff, 0xff, 0x01, 0x00, 0x00, 0x00, 0xc8, 0x00, 0x00, 0x00,
  0x06, 0x00, 0x00, 0x00, 0x3c, 0xed, 0xff, 0xff, 0x08, 0x00, 0x00, 0x00,
  0x14, 0x00, 0x00, 0x00, 0x01, 0x00, 0x00, 0x00, 0x0d, 0x00, 0x00, 0x00,
  0x00, 0x00, 0x00, 0x00, 0x00, 0x00, 0x00, 0x00, 0x01, 0x00, 0x00, 0x00,
  0xa9, 0xa8, 0x80, 0x42, 0x2c, 0x00, 0x00, 0x00, 0x73, 0x65, 0x71, 0x75,
  0x65, 0x6e, 0x74, 0x69, 0x61, 0x6c, 0x5f, 0x31, 0x2f, 0x63, 0x6f, 0x6e,
  0x76, 0x31, 0x64, 0x5f, 0x31, 0x2f, 0x63, 0x6f, 0x6e, 0x76, 0x6f, 0x6c,
  0x75, 0x74, 0x69, 0x6f, 0x6e, 0x2f, 0x45, 0x78, 0x70, 0x61, 0x6e, 0x64,
  0x44, 0x69, 0x6d, 0x73, 0x00, 0x00, 0x00, 0x00, 0x04, 0x00, 0x00, 0x00,
  0x01, 0x00, 0x00, 0x00, 0x01, 0x00, 0x00, 0x00, 0xc8, 0x00, 0x00, 0x00,
  0x06, 0x00, 0x00, 0x00, 0x42, 0xee, 0xff, 0xff, 0x00, 0x00, 0x00, 0x01,
  0x14, 0x00, 0x00, 0x00, 0xa8, 0x01, 0x00, 0x00, 0x0e, 0x00, 0x00, 0x00,
  0x00, 0x00, 0x00, 0x09, 0xc4, 0x01, 0x00, 0x00, 0xc4, 0xed, 0xff, 0xff,
  0x08, 0x00, 0x00, 0x00, 0x0c, 0x01, 0x00, 0x00, 0x20, 0x00, 0x00, 0x00,
  0x00, 0x00, 0x00, 0x00, 0x00, 0x00, 0x00, 0x00, 0x00, 0x00, 0x00, 0x00,
  0x00, 0x00, 0x00, 0x00, 0x00, 0x00, 0x00, 0x00, 0x00, 0x00, 0x00, 0x00,
  0x00, 0x00, 0x00, 0x00, 0x00, 0x00, 0x00, 0x00, 0x00, 0x00, 0x00, 0x00,
  0x00, 0x00, 0x00, 0x00, 0x00, 0x00, 0x00, 0x00, 0x00, 0x00, 0x00, 0x00,
  0x00, 0x00, 0x00, 0x00, 0x00, 0x00, 0x00, 0x00, 0x00, 0x00, 0x00, 0x00,
  0x00, 0x00, 0x00, 0x00, 0x00, 0x00, 0x00, 0x00, 0x00, 0x00, 0x00, 0x00,
  0x00, 0x00, 0x00, 0x00, 0x00, 0x00, 0x00, 0x00, 0x00, 0x00, 0x00, 0x00,
  0x00, 0x00, 0x00, 0x00, 0x00, 0x00, 0x00, 0x00, 0x00, 0x00, 0x00, 0x00,
  0x00, 0x00, 0x00, 0x00, 0x00, 0x00, 0x00, 0x00, 0x00, 0x00, 0x00, 0x00,
  0x00, 0x00, 0x00, 0x00, 0x00, 0x00, 0x00, 0x00, 0x00, 0x00, 0x00, 0x00,
  0x00, 0x00, 0x00, 0x00, 0x00, 0x00, 0x00, 0x00, 0x00, 0x00, 0x00, 0x00,
  0x00, 0x00, 0x00, 0x00, 0x00, 0x00, 0x00, 0x00, 0x00, 0x00, 0x00, 0x00,
  0x00, 0x00, 0x00, 0x00, 0x00, 0x00, 0x00, 0x00, 0x00, 0x00, 0x00, 0x00,
  0x00, 0x00, 0x00, 0x00, 0x00, 0x00, 0x00, 0x00, 0x00, 0x00, 0x00, 0x00,
  0x00, 0x00, 0x00, 0x00, 0x00, 0x00, 0x00, 0x00, 0x00, 0x00, 0x00, 0x00,
  0x00, 0x00, 0x00, 0x00, 0x00, 0x00, 0x00, 0x00, 0x00, 0x00, 0x00, 0x00,
  0x00, 0x00, 0x00, 0x00, 0x00, 0x00, 0x00, 0x00, 0x00, 0x00, 0x00, 0x00,
  0x00, 0x00, 0x00, 0x00, 0x00, 0x00, 0x00, 0x00, 0x00, 0x00, 0x00, 0x00,
  0x00, 0x00, 0x00, 0x00, 0x00, 0x00, 0x00, 0x00, 0x00, 0x00, 0x00, 0x00,
  0x00, 0x00, 0x00, 0x00, 0x00, 0x00, 0x00, 0x00, 0x00, 0x00, 0x00, 0x00,
  0x00, 0x00, 0x00, 0x00, 0x00, 0x00, 0x00, 0x00, 0x00, 0x00, 0x00, 0x00,
  0x00, 0x00, 0x00, 0x00, 0x00, 0x00, 0x00, 0x00, 0x20, 0x00, 0x00, 0x00,
  0x0f, 0x6d, 0xe3, 0x3a, 0x36, 0xf1, 0xc3, 0x3a, 0x81, 0x65, 0x47, 0x3b,
  0xf9, 0x9d, 0x0c, 0x3b, 0xe3, 0x73, 0x1f, 0x3b, 0x29, 0xce, 0xf9, 0x3a,
  0x10, 0xa3, 0x07, 0x3b, 0x02, 0x4b, 0xec, 0x3a, 0xf3, 0x03, 0x5f, 0x3b,
  0xf3, 0x55, 0xd2, 0x3a, 0x15, 0x17, 0xde, 0x3a, 0xa1, 0xe1, 0xc2, 0x3a,
  0x30, 0x45, 0x06, 0x3b, 0xa3, 0x96, 0xc1, 0x3a, 0xe8, 0xf9, 0xdf, 0x3a,
  0x6d, 0x29, 0xd6, 0x3a, 0xc6, 0x58, 0xfb, 0x3a, 0xce, 0xd2, 0x0b, 0x3b,
  0xd0, 0xd5, 0x0f, 0x3b, 0x28, 0x7e, 0x16, 0x3b, 0xda, 0x7f, 0xdb, 0x3a,
  0x30, 0xf6, 0x08, 0x3b, 0xff, 0x3d, 0xe6, 0x3a, 0xb6, 0x93, 0xe6, 0x3a,
  0x8b, 0x00, 0x6a, 0x3b, 0xe9, 0x09, 0xeb, 0x3a, 0x7b, 0xb8, 0x10, 0x3b,
  0xe6, 0xa5, 0x07, 0x3b, 0x25, 0xb2, 0xd1, 0x3a, 0x13, 0x98, 0x44, 0x3b,
  0x68, 0x7e, 0xf8, 0x3a, 0xe0, 0x46, 0x3b, 0x3b, 0x21, 0x00, 0x00, 0x00,
  0x73, 0x65, 0x71, 0x75, 0x65, 0x6e, 0x74, 0x69, 0x61, 0x6c, 0x5f, 0x31,
  0x2f, 0x63, 0x6f, 0x6e, 0x76, 0x31, 0x64, 0x5f, 0x31, 0x2f, 0x63, 0x6f,
  0x6e, 0x76, 0x6f, 0x6c, 0x75, 0x74, 0x69, 0x6f, 0x6e, 0x00, 0x00, 0x00,
  0x04, 0x00, 0x00, 0x00, 0x20, 0x00, 0x00, 0x00, 0x01, 0x00, 0x00, 0x00,
  0x05, 0x00, 0x00, 0x00, 0x06, 0x00, 0x00, 0x00, 0x32, 0xf0, 0xff, 0xff,
  0x00, 0x00, 0x00, 0x01, 0x14, 0x00, 0x00, 0x00, 0xa4, 0x01, 0x00, 0x00,
  0x0d, 0x00, 0x00, 0x00, 0x00, 0x00, 0x00, 0x02, 0x40, 0x02, 0x00, 0x00,
  0xb4, 0xef, 0xff, 0xff, 0x08, 0x00, 0x00, 0x00, 0x08, 0x01, 0x00, 0x00,
  0x20, 0x00, 0x00, 0x00, 0x00, 0x00, 0x00, 0x00, 0x00, 0x00, 0x00, 0x00,
  0x00, 0x00, 0x00, 0x00, 0x00, 0x00, 0x00, 0x00, 0x00, 0x00, 0x00, 0x00,
  0x00, 0x00, 0x00, 0x00, 0x00, 0x00, 0x00, 0x00, 0x00, 0x00, 0x00, 0x00,
  0x00, 0x00, 0x00, 0x00, 0x00, 0x00, 0x00, 0x00, 0x00, 0x00, 0x00, 0x00,
  0x00, 0x00, 0x00, 0x00, 0x00, 0x00, 0x00, 0x00, 0x00, 0x00, 0x00, 0x00,
  0x00, 0x00, 0x00, 0x00, 0x00, 0x00, 0x00, 0x00, 0x00, 0x00, 0x00, 0x00,
  0x00, 0x00, 0x00, 0x00, 0x00, 0x00, 0x00, 0x00, 0x00, 0x00, 0x00, 0x00,
  0x00, 0x00, 0x00, 0x00, 0x00, 0x00, 0x00, 0x00, 0x00, 0x00, 0x00, 0x00,
  0x00, 0x00, 0x00, 0x00, 0x00, 0x00, 0x00, 0x00, 0x00, 0x00, 0x00, 0x00,
  0x00, 0x00, 0x00, 0x00, 0x00, 0x00, 0x00, 0x00, 0x00, 0x00, 0x00, 0x00,
  0x00, 0x00, 0x00, 0x00, 0x00, 0x00, 0x00, 0x00, 0x00, 0x00, 0x00, 0x00,
  0x00, 0x00, 0x00, 0x00, 0x00, 0x00, 0x00, 0x00, 0x00, 0x00, 0x00, 0x00,
  0x00, 0x00, 0x00, 0x00, 0x00, 0x00, 0x00, 0x00, 0x00, 0x00, 0x00, 0x00,
  0x00, 0x00, 0x00, 0x00, 0x00, 0x00, 0x00, 0x00, 0x00, 0x00, 0x00, 0x00,
  0x00, 0x00, 0x00, 0x00, 0x00, 0x00, 0x00, 0x00, 0x00, 0x00, 0x00, 0x00,
  0x00, 0x00, 0x00, 0x00, 0x00, 0x00, 0x00, 0x00, 0x00, 0x00, 0x00, 0x00,
  0x00, 0x00, 0x00, 0x00, 0x00, 0x00, 0x00, 0x00, 0x00, 0x00, 0x00, 0x00,
  0x00, 0x00, 0x00, 0x00, 0x00, 0x00, 0x00, 0x00, 0x00, 0x00, 0x00, 0x00,
  0x00, 0x00, 0x00, 0x00, 0x00, 0x00, 0x00, 0x00, 0x00, 0x00, 0x00, 0x00,
  0x00, 0x00, 0x00, 0x00, 0x00, 0x00, 0x00, 0x00, 0x00, 0x00, 0x00, 0x00,
  0x00, 0x00, 0x00, 0x00, 0x00, 0x00, 0x00, 0x00, 0x00, 0x00, 0x00, 0x00,
  0x00, 0x00, 0x00, 0x00, 0x00, 0x00, 0x00, 0x00, 0x20, 0x00, 0x00, 0x00,
  0xba, 0x98, 0xe4, 0x3d, 0x65, 0xf3, 0xc4, 0x3d, 0x3d, 0x6c, 0x48, 0x3e,
  0x42, 0x57, 0x0d, 0x3e, 0xfe, 0x45, 0x20, 0x3e, 0x51, 0x17, 0xfb, 0x3d,
  0xc9, 0x55, 0x08, 0x3e, 0x5c, 0x82, 0xed, 0x3d, 0xcf, 0x29, 0x60, 0x3e,
  0x1a, 0x6b, 0xd3, 0x3d, 0xb9, 0x3b, 0xdf, 0x3d, 0x6a, 0xe2, 0xc3, 0x3d,
  0x1c, 0xf6, 0x06, 0x3e, 0xb8, 0x95, 0xc2, 0x3d, 0x08, 0x21, 0xe1, 0x3d,
  0x9e, 0x43, 0xd7, 0x3d, 0xf6, 0xa3, 0xfc, 0x3d, 0x0b, 0x8b, 0x0c, 0x3e,
  0x57, 0x93, 0x10, 0x3e, 0x74, 0x44, 0x17, 0x3e, 0x14, 0xa1, 0xdc, 0x3d,
  0xa8, 0xaa, 0x09, 0x3e, 0x60, 0x6d, 0xe7, 0x3d, 0x88, 0xc3, 0xe7, 0x3d,
  0xe1, 0x34, 0x6b, 0x3e, 0x9c, 0x3f, 0xec, 0x3d, 0x2c, 0x77, 0x11, 0x3e,
  0xa3, 0x58, 0x08, 0x3e, 0x74, 0xc6, 0xd2, 0x3d, 0x1e, 0x9b, 0x45, 0x3e,
  0xd6, 0xc5, 0xf9, 0x3d, 0xa4, 0x3d, 0x3c, 0x3e, 0xa2, 0x00, 0x00, 0x00,
  0x73, 0x65, 0x71, 0x75, 0x65, 0x6e, 0x74, 0x69, 0x61, 0x6c, 0x5f, 0x31,
  0x2f, 0x63, 0x6f, 0x6e, 0x76, 0x31, 0x64, 0x5f, 0x31, 0x2f, 0x52, 0x65,
  0x6c, 0x75, 0x3b, 0x73, 0x65, 0x71, 0x75, 0x65, 0x6e, 0x74, 0x69, 0x61,
  0x6c, 0x5f, 0x31, 0x2f, 0x63, 0x6f, 0x6e, 0x76, 0x31, 0x64, 0x5f, 0x31,
  0x2f, 0x42, 0x69, 0x61, 0x73, 0x41, 0x64, 0x64, 0x3b, 0x73, 0x65, 0x71,
  0x75, 0x65, 0x6e, 0x74, 0x69, 0x61, 0x6c, 0x5f, 0x31, 0x2f, 0x63, 0x6f,
  0x6e, 0x76, 0x31, 0x64, 0x5f, 0x31, 0x2f, 0x63, 0x6f, 0x6e, 0x76, 0x6f,
  0x6c, 0x75, 0x74, 0x69, 0x6f, 0x6e, 0x2f, 0x53, 0x71, 0x75, 0x65, 0x65,
  0x7a, 0x65, 0x3b, 0x73, 0x65, 0x71, 0x75, 0x65, 0x6e, 0x74, 0x69, 0x61,
  0x6c, 0x5f, 0x31, 0x2f, 0x63, 0x6f, 0x6e, 0x76, 0x31, 0x64, 0x5f, 0x31,
  0x2f, 0x53, 0x71, 0x75, 0x65, 0x65, 0x7a, 0x65, 0x3b, 0x73, 0x65, 0x71,
  0x75, 0x65, 0x6e, 0x74, 0x69, 0x61, 0x6c, 0x5f, 0x31, 0x2f, 0x63, 0x6f,
  0x6e, 0x76, 0x31, 0x64, 0x5f, 0x31, 0x2f, 0x63, 0x6f, 0x6e, 0x76, 0x6f,
  0x6c, 0x75, 0x74, 0x69, 0x6f, 0x6e, 0x00, 0x00, 0x01, 0x00, 0x00, 0x00,
  0x20, 0x00, 0x00, 0x00, 0x92, 0xf2, 0xff, 0xff, 0x00, 0x00, 0x00, 0x01,
  0x14, 0x00, 0x00, 0x00, 0x28, 0x03, 0x00, 0x00, 0x0c, 0x00, 0x00, 0x00,
  0x00, 0x00, 0x00, 0x09, 0x44, 0x03, 0x00, 0x00, 0x14, 0xf2, 0xff, 0xff,
  0x08, 0x00, 0x00, 0x00, 0x0c, 0x02, 0x00, 0x00, 0x40, 0x00, 0x00, 0x00,
  0x00, 0x00, 0x00, 0x00, 0x00, 0x00, 0x00, 0x00, 0x00, 0x00, 0x00, 0x00,
  0x00, 0x00, 0x00, 0x00, 0x00, 0x00, 0x00, 0x00, 0x00, 0x00, 0x00, 0x00,
  0x00, 0x00, 0x00, 0x00, 0x00, 0x00, 0x00, 0x00, 0x00, 0x00, 0x00, 0x00,
  0x00, 0x00, 0x00, 0x00, 0x00, 0x00, 0x00, 0x00, 0x00, 0x00, 0x00, 0x00,
  0x00, 0x00, 0x00, 0x00, 0x00, 0x00, 0x00, 0x00, 0x00, 0x00, 0x00, 0x00,
  0x00, 0x00, 0x00, 0x00, 0x00, 0x00, 0x00, 0x00, 0x00, 0x00, 0x00, 0x00,
  0x00, 0x00, 0x00, 0x00, 0x00, 0x00, 0x00, 0x00, 0x00, 0x00, 0x00, 0x00,
  0x00, 0x00, 0x00, 0x00, 0x00, 0x00, 0x00, 0x00, 0x00, 0x00, 0x00, 0x00,
  0x00, 0x00, 0x00, 0x00, 0x00, 0x00, 0x00, 0x00, 0x00, 0x00, 0x00, 0x00,
  0x00, 0x00, 0x00, 0x00, 0x00, 0x00, 0x00, 0x00, 0x00, 0x00, 0x00, 0x00,
  0x00, 0x00, 0x00, 0x00, 0x00, 0x00, 0x00, 0x00, 0x00, 0x00, 0x00, 0x00,
  0x00, 0x00, 0x00, 0x00, 0x00, 0x00, 0x00, 0x00, 0x00, 0x00, 0x00, 0x00,
  0x00, 0x00, 0x00, 0x00, 0x00, 0x00, 0x00, 0x00, 0x00, 0x00, 0x00, 0x00,
  0x00, 0x00, 0x00, 0x00, 0x00, 0x00, 0x00, 0x00, 0x00, 0x00, 0x00, 0x00,
  0x00, 0x00, 0x00, 0x00, 0x00, 0x00, 0x00, 0x00, 0x00, 0x00, 0x00, 0x00,
  0x00, 0x00, 0x00, 0x00, 0x00, 0x00, 0x00, 0x00, 0x00, 0x00, 0x00, 0x00,
  0x00, 0x00, 0x00, 0x00, 0x00, 0x00, 0x00, 0x00, 0x00, 0x00, 0x00, 0x00,
  0x00, 0x00, 0x00, 0x00, 0x00, 0x00, 0x00, 0x00, 0x00, 0x00, 0x00, 0x00,
  0x00, 0x00, 0x00, 0x00, 0x00, 0x00, 0x00, 0x00, 0x00, 0x00, 0x00, 0x00,
  0x00, 0x00, 0x00, 0x00, 0x00, 0x00, 0x00, 0x00, 0x00, 0x00, 0x00, 0x00,
  0x00, 0x00, 0x00, 0x00, 0x00, 0x00, 0x00, 0x00, 0x00, 0x00, 0x00, 0x00,
  0x00, 0x00, 0x00, 0x00, 0x00, 0x00, 0x00, 0x00, 0x00, 0x00, 0x00, 0x00,
  0x00, 0x00, 0x00, 0x00, 0x00, 0x00, 0x00, 0x00, 0x00, 0x00, 0x00, 0x00,
  0x00, 0x00, 0x00, 0x00, 0x00, 0x00, 0x00, 0x00, 0x00, 0x00, 0x00, 0x00,
  0x00, 0x00, 0x00, 0x00, 0x00, 0x00, 0x00, 0x00, 0x00, 0x00, 0x00, 0x00,
  0x00, 0x00, 0x00, 0x00, 0x00, 0x00, 0x00, 0x00, 0x00, 0x00, 0x00, 0x00,
  0x00, 0x00, 0x00, 0x00, 0x00, 0x00, 0x00, 0x00, 0x00, 0x00, 0x00, 0x00,
  0x00, 0x00, 0x00, 0x00, 0x00, 0x00, 0x00, 0x00, 0x00, 0x00, 0x00, 0x00,
  0x00, 0x00, 0x00, 0x00, 0x00, 0x00, 0x00, 0x00, 0x00, 0x00, 0x00, 0x00,
  0x00, 0x00, 0x00, 0x00, 0x00, 0x00, 0x00, 0x00, 0x00, 0x00, 0x00, 0x00,
  0x00, 0x00, 0x00, 0x00, 0x00, 0x00, 0x00, 0x00, 0x00, 0x00, 0x00, 0x00,
  0x00, 0x00, 0x00, 0x00, 0x00, 0x00, 0x00, 0x00, 0x00, 0x00, 0x00, 0x00,
  0x00, 0x00, 0x00, 0x00, 0x00, 0x00, 0x00, 0x00, 0x00, 0x00, 0x00, 0x00,
  0x00, 0x00, 0x00, 0x00, 0x00, 0x00, 0x00, 0x00, 0x00, 0x00, 0x00, 0x00,
  0x00, 0x00, 0x00, 0x00, 0x00, 0x00, 0x00, 0x00, 0x00, 0x00, 0x00, 0x00,
  0x00, 0x00, 0x00, 0x00, 0x00, 0x00, 0x00, 0x00, 0x00, 0x00, 0x00, 0x00,
  0x00, 0x00, 0x00, 0x00, 0x00, 0x00, 0x00, 0x00, 0x00, 0x00, 0x00, 0x00,
  0x00, 0x00, 0x00, 0x00, 0x00, 0x00, 0x00, 0x00, 0x00, 0x00, 0x00, 0x00,
  0x00, 0x00, 0x00, 0x00, 0x00, 0x00, 0x00, 0x00, 0x00, 0x00, 0x00, 0x00,
  0x00, 0x00, 0x00, 0x00, 0x00, 0x00, 0x00, 0x00, 0x00, 0x00, 0x00, 0x00,
  0x00, 0x00, 0x00, 0x00, 0x00, 0x00, 0x00, 0x00, 0x00, 0x00, 0x00, 0x00,
  0x00, 0x00, 0x00, 0x00, 0x00, 0x00, 0x00, 0x00, 0x00, 0x00, 0x00, 0x00,
  0x00, 0x00, 0x00, 0x00, 0x00, 0x00, 0x00, 0x00, 0x00, 0x00, 0x00, 0x00,
  0x40, 0x00, 0x00, 0x00, 0x53, 0xc5, 0xd0, 0x3a, 0x1d, 0x81, 0x64, 0x3b,
  0x03, 0xe1, 0x99, 0x3b, 0x9a, 0x45, 0xf4, 0x3a, 0xf6, 0x3b, 0x4f, 0x3b,
  0x8f, 0x7f, 0x32, 0x3b, 0x9b, 0x64, 0x88, 0x3b, 0xb1, 0x01, 0x24, 0x3b,
  0xae, 0xca, 0x16, 0x3b, 0x73, 0x8b, 0x39, 0x3b, 0x04, 0x59, 0x51, 0x3b,
  0x5a, 0x36, 0x13, 0x3b, 0xf4, 0x01, 0xe9, 0x3a, 0x84, 0xbe, 0x84, 0x3b,
  0xa8, 0x71, 0x15, 0x3b, 0x16, 0x2a, 0x5d, 0x3b, 0x7c, 0x4b, 0x18, 0x3b,
  0xc4, 0x52, 0x1d, 0x3b, 0xe8, 0xf2, 0x30, 0x3b, 0x5d, 0xa1, 0xee, 0x3a,
  0x8a, 0x30, 0x04, 0x3b, 0xa6, 0x4b, 0x23, 0x3b, 0xbb, 0xad, 0xe4, 0x3a,
  0xba, 0xb0, 0xff, 0x3a, 0xe6, 0x57, 0xfd, 0x3a, 0x4e, 0x84, 0xe9, 0x3a,
  0x53, 0xf7, 0x6a, 0x3b, 0xec, 0x3a, 0x6d, 0x3b, 0x19, 0x9a, 0x13, 0x3b,
  0xb2, 0x13, 0x27, 0x3b, 0xec, 0x9a, 0x65, 0x3b, 0x9e, 0x4f, 0xf8, 0x3a,
  0x32, 0x46, 0xa9, 0x3b, 0xcc, 0x8a, 0x64, 0x3b, 0x30, 0xdd, 0x33, 0x3b,
  0xe0, 0xde, 0xb6, 0x3a, 0x7a, 0x39, 0x07, 0x3b, 0x8e, 0x38, 0x33, 0x3b,
  0x24, 0x5f, 0xd6, 0x3a, 0x7c, 0xde, 0x50, 0x3b, 0x0c, 0x34, 0xb6, 0x3b,
  0xe3, 0x72, 0x08, 0x3b, 0x84, 0x51, 0xfb, 0x3a, 0x17, 0xf7, 0x2a, 0x3b,
  0x43, 0x7c, 0x08, 0x3b, 0x68, 0x7d, 0x93, 0x3b, 0xbd, 0x09, 0x0a, 0x3b,
  0xdf, 0xfd, 0xdc, 0x3a, 0x93, 0xc7, 0x4b, 0x3b, 0x7a, 0xd5, 0x3c, 0x3b,
  0xde, 0xd9, 0x42, 0x3b, 0xd0, 0x8c, 0xd9, 0x3a, 0x3c, 0xed, 0x93, 0x3b,
  0x81, 0xbb, 0x0d, 0x3b, 0x6f, 0x43, 0xcf, 0x3a, 0x3f, 0x79, 0x1c, 0x3b,
  0x27, 0xfa, 0x83, 0x3b, 0xec, 0xb4, 0xfb, 0x3a, 0x5f, 0xbc, 0xc4, 0x3a,
  0x91, 0x82, 0x19, 0x3b, 0x50, 0x49, 0x18, 0x3b, 0x41, 0x6f, 0x08, 0x3b,
  0xd3, 0x54, 0x53, 0x3b, 0x61, 0x96, 0x02, 0x3b, 0x23, 0x00, 0x00, 0x00,
  0x73, 0x65, 0x71, 0x75, 0x65, 0x6e, 0x74, 0x69, 0x61, 0x6c, 0x5f, 0x31,
  0x2f, 0x63, 0x6f, 0x6e, 0x76, 0x31, 0x64, 0x5f, 0x31, 0x5f, 0x32, 0x2f,
  0x63, 0x6f, 0x6e, 0x76, 0x6f, 0x6c, 0x75, 0x74, 0x69, 0x6f, 0x6e, 0x00,
  0x04, 0x00, 0x00, 0x00, 0x40, 0x00, 0x00, 0x00, 0x01, 0x00, 0x00, 0x00,
  0x03, 0x00, 0x00, 0x00, 0x20, 0x00, 0x00, 0x00, 0x02, 0xf6, 0xff, 0xff,
  0x00, 0x00, 0x00, 0x01, 0x14, 0x00, 0x00, 0x00, 0x28, 0x03, 0x00, 0x00,
  0x0b, 0x00, 0x00, 0x00, 0x00, 0x00, 0x00, 0x02, 0xd0, 0x03, 0x00, 0x00,
  0x84, 0xf5, 0xff, 0xff, 0x08, 0x00, 0x00, 0x00, 0x0c, 0x02, 0x00, 0x00,
  0x40, 0x00, 0x00, 0x00, 0x00, 0x00, 0x00, 0x00, 0x00, 0x00, 0x00, 0x00,
  0x00, 0x00, 0x00, 0x00, 0x00, 0x00, 0x00, 0x00, 0x00, 0x00, 0x00, 0x00,
  0x00, 0x00, 0x00, 0x00, 0x00, 0x00, 0x00, 0x00, 0x00, 0x00, 0x00, 0x00,
  0x00, 0x00, 0x00, 0x00, 0x00, 0x00, 0x00, 0x00, 0x00, 0x00, 0x00, 0x00,
  0x00, 0x00, 0x00, 0x00, 0x00, 0x00, 0x00, 0x00, 0x00, 0x00, 0x00, 0x00,
  0x00, 0x00, 0x00, 0x00, 0x00, 0x00, 0x00, 0x00, 0x00, 0x00, 0x00, 0x00,
  0x00, 0x00, 0x00, 0x00, 0x00, 0x00, 0x00, 0x00, 0x00, 0x00, 0x00, 0x00,
  0x00, 0x00, 0x00, 0x00, 0x00, 0x00, 0x00, 0x00, 0x00, 0x00, 0x00, 0x00,
  0x00, 0x00, 0x00, 0x00, 0x00, 0x00, 0x00, 0x00, 0x00, 0x00, 0x00, 0x00,
  0x00, 0x00, 0x00, 0x00, 0x00, 0x00, 0x00, 0x00, 0x00, 0x00, 0x00, 0x00,
  0x00, 0x00, 0x00, 0x00, 0x00, 0x00, 0x00, 0x00, 0x00, 0x00, 0x00, 0x00,
  0x00, 0x00, 0x00, 0x00, 0x00, 0x00, 0x00, 0x00, 0x00, 0x00, 0x00, 0x00,
  0x00, 0x00, 0x00, 0x00, 0x00, 0x00, 0x00, 0x00, 0x00, 0x00, 0x00, 0x00,
  0x00, 0x00, 0x00, 0x00, 0x00, 0x00, 0x00, 0x00, 0x00, 0x00, 0x00, 0x00,
  0x00, 0x00, 0x00, 0x00, 0x00, 0x00, 0x00, 0x00, 0x00, 0x00, 0x00, 0x00,
  0x00, 0x00, 0x00, 0x00, 0x00, 0x00, 0x00, 0x00, 0x00, 0x00, 0x00, 0x00,
  0x00, 0x00, 0x00, 0x00, 0x00, 0x00, 0x00, 0x00, 0x00, 0x00, 0x00, 0x00,
  0x00, 0x00, 0x00, 0x00, 0x00, 0x00, 0x00, 0x00, 0x00, 0x00, 0x00, 0x00,
  0x00, 0x00, 0x00, 0x00, 0x00, 0x00, 0x00, 0x00, 0x00, 0x00, 0x00, 0x00,
  0x00, 0x00, 0x00, 0x00, 0x00, 0x00, 0x00, 0x00, 0x00, 0x00, 0x00, 0x00,
  0x00, 0x00, 0x00, 0x00, 0x00, 0x00, 0x00, 0x00, 0x00, 0x00, 0x00, 0x00,
  0x00, 0x00, 0x00, 0x00, 0x00, 0x00, 0x00, 0x00, 0x00, 0x00, 0x00, 0x00,
  0x00, 0x00, 0x00, 0x00, 0x00, 0x00, 0x00, 0x00, 0x00, 0x00, 0x00, 0x00,
  0x00, 0x00, 0x00, 0x00, 0x00, 0x00, 0x00, 0x00, 0x00, 0x00, 0x00, 0x00,
  0x00, 0x00, 0x00, 0x00, 0x00, 0x00, 0x00, 0x00, 0x00, 0x00, 0x00, 0x00,
  0x00, 0x00, 0x00, 0x00, 0x00, 0x00, 0x00, 0x00, 0x00, 0x00, 0x00, 0x00,
  0x00, 0x00, 0x00, 0x00, 0x00, 0x00, 0x00, 0x00, 0x00, 0x00, 0x00, 0x00,
  0x00, 0x00, 0x00, 0x00, 0x00, 0x00, 0x00, 0x00, 0x00, 0x00, 0x00, 0x00,
  0x00, 0x00, 0x00, 0x00, 0x00, 0x00, 0x00, 0x00, 0x00, 0x00, 0x00, 0x00,
  0x00, 0x00, 0x00, 0x00, 0x00, 0x00, 0x00, 0x00, 0x00, 0x00, 0x00, 0x00,
  0x00, 0x00, 0x00, 0x00, 0x00, 0x00, 0x00, 0x00, 0x00, 0x00, 0x00, 0x00,
  0x00, 0x00, 0x00, 0x00, 0x00, 0x00, 0x00, 0x00, 0x00, 0x00, 0x00, 0x00,
  0x00, 0x00, 0x00, 0x00, 0x00, 0x00, 0x00, 0x00, 0x00, 0x00, 0x00, 0x00,
  0x00, 0x00, 0x00, 0x00, 0x00, 0x00, 0x00, 0x00, 0x00, 0x00, 0x00, 0x00,
  0x00, 0x00, 0x00, 0x00, 0x00, 0x00, 0x00, 0x00, 0x00, 0x00, 0x00, 0x00,
  0x00, 0x00, 0x00, 0x00, 0x00, 0x00, 0x00, 0x00, 0x00, 0x00, 0x00, 0x00,
  0x00, 0x00, 0x00, 0x00, 0x00, 0x00, 0x00, 0x00, 0x00, 0x00, 0x00, 0x00,
  0x00, 0x00, 0x00, 0x00, 0x00, 0x00, 0x00, 0x00, 0x00, 0x00, 0x00, 0x00,
  0x00, 0x00, 0x00, 0x00, 0x00, 0x00, 0x00, 0x00, 0x00, 0x00, 0x00, 0x00,
  0x00, 0x00, 0x00, 0x00, 0x00, 0x00, 0x00, 0x00, 0x00, 0x00, 0x00, 0x00,
  0x00, 0x00, 0x00, 0x00, 0x00, 0x00, 0x00, 0x00, 0x00, 0x00, 0x00, 0x00,
  0x00, 0x00, 0x00, 0x00, 0x00, 0x00, 0x00, 0x00, 0x00, 0x00, 0x00, 0x00,
  0x00, 0x00, 0x00, 0x00, 0x00, 0x00, 0x00, 0x00, 0x00, 0x00, 0x00, 0x00,
  0x00, 0x00, 0x00, 0x00, 0x40, 0x00, 0x00, 0x00, 0x29, 0xb0, 0xe3, 0x3c,
  0xb5, 0x35, 0x79, 0x3d, 0x87, 0xd2, 0xa7, 0x3d, 0xfa, 0x33, 0x05, 0x3d,
  0x27, 0x03, 0x62, 0x3d, 0x2a, 0xac, 0x42, 0x3d, 0x80, 0xc0, 0x94, 0x3d,
  0x23, 0xde, 0x32, 0x3d, 0x94, 0x74, 0x24, 0x3d, 0x83, 0x5b, 0x4a, 0x3d,
  0x3c, 0x51, 0x64, 0x3d, 0x39, 0x8d, 0x20, 0x3d, 0x02, 0x1f, 0xfe, 0x3c,
  0xc5, 0xc5, 0x90, 0x3d, 0x4b, 0xfc, 0x22, 0x3d, 0x6a, 0x34, 0x71, 0x3d,
  0x41, 0x18, 0x26, 0x3d, 0x2e, 0x94, 0x2b, 0x3d, 0x92, 0xfb, 0x40, 0x3d,
  0x6c, 0x20, 0x02, 0x3d, 0xee, 0x2a, 0x10, 0x3d, 0x99, 0x17, 0x32, 0x3d,
  0x5e, 0x66, 0xf9, 0x3c, 0xfa, 0x6d, 0x0b, 0x3d, 0x57, 0x26, 0x0a, 0x3d,
  0x2c, 0xad, 0xfe, 0x3c, 0xe8, 0x20, 0x80, 0x3d, 0xf7, 0x5c, 0x81, 0x3d,
  0x01, 0xfa, 0x20, 0x3d, 0x5d, 0x37, 0x36, 0x3d, 0x0d, 0x69, 0x7a, 0x3d,
  0xd5, 0x67, 0x07, 0x3d, 0xd5, 0x9c, 0xb8, 0x3d, 0x44, 0x40, 0x79, 0x3d,
  0x7a, 0x29, 0x44, 0x3d, 0xe8, 0x70, 0xc7, 0x3c, 0x44, 0x7a, 0x13, 0x3d,
  0xed, 0x75, 0x43, 0x3d, 0xe6, 0xcb, 0xe9, 0x3c, 0x99, 0xcb, 0x63, 0x3d,
  0x99, 0xb6, 0xc6, 0x3d, 0x13, 0xd0, 0x14, 0x3d, 0xa9, 0x0b, 0x09, 0x3d,
  0xf4, 0x74, 0x3a, 0x3d, 0x4d, 0xda, 0x14, 0x3d, 0xb7, 0xda, 0xa0, 0x3d,
  0xcb, 0x8b, 0x16, 0x3d, 0x31, 0x04, 0xf1, 0x3c, 0xa1, 0x3e, 0x5e, 0x3d,
  0xd6, 0xf1, 0x4d, 0x3d, 0xcf, 0x81, 0x54, 0x3d, 0x4d, 0x43, 0xed, 0x3c,
  0xad, 0x54, 0xa1, 0x3d, 0x42, 0x93, 0x1a, 0x3d, 0x4d, 0x0b, 0xe2, 0x3c,
  0xf3, 0xa6, 0x2a, 0x3d, 0x9d, 0xef, 0x8f, 0x3d, 0xde, 0x41, 0x09, 0x3d,
  0x08, 0x90, 0xd6, 0x3c, 0x86, 0x6b, 0x27, 0x3d, 0xe2, 0x15, 0x26, 0x3d,
  0x1d, 0xcc, 0x14, 0x3d, 0x0e, 0x7b, 0x66, 0x3d, 0x9a, 0x6b, 0x0e, 0x3d,
  0xac, 0x00, 0x00, 0x00, 0x73, 0x65, 0x71, 0x75, 0x65, 0x6e, 0x74, 0x69,
  0x61, 0x6c, 0x5f, 0x31, 0x2f, 0x63, 0x6f, 0x6e, 0x76, 0x31, 0x64, 0x5f,
  0x31, 0x5f, 0x32, 0x2f, 0x52, 0x65, 0x6c, 0x75, 0x3b, 0x73, 0x65, 0x71,
  0x75, 0x65, 0x6e, 0x74, 0x69, 0x61, 0x6c, 0x5f, 0x31, 0x2f, 0x63, 0x6f,
  0x6e, 0x76, 0x31, 0x64, 0x5f, 0x31, 0x5f, 0x32, 0x2f, 0x42, 0x69, 0x61,
  0x73, 0x41, 0x64, 0x64, 0x3b, 0x73, 0x65, 0x71, 0x75, 0x65, 0x6e, 0x74,
  0x69, 0x61, 0x6c, 0x5f, 0x31, 0x2f, 0x63, 0x6f, 0x6e, 0x76, 0x31, 0x64,
  0x5f, 0x31, 0x5f, 0x32, 0x2f, 0x63, 0x6f, 0x6e, 0x76, 0x6f, 0x6c, 0x75,
  0x74, 0x69, 0x6f, 0x6e, 0x2f, 0x53, 0x71, 0x75, 0x65, 0x65, 0x7a, 0x65,
  0x3b, 0x73, 0x65, 0x71, 0x75, 0x65, 0x6e, 0x74, 0x69, 0x61, 0x6c, 0x5f,
  0x31, 0x2f, 0x63, 0x6f, 0x6e, 0x76, 0x31, 0x64, 0x5f, 0x31, 0x5f, 0x32,
  0x2f, 0x53, 0x71, 0x75, 0x65, 0x65, 0x7a, 0x65, 0x3b, 0x73, 0x65, 0x71,
  0x75, 0x65, 0x6e, 0x74, 0x69, 0x61, 0x6c, 0x5f, 0x31, 0x2f, 0x63, 0x6f,
  0x6e, 0x76, 0x31, 0x64, 0x5f, 0x31, 0x5f, 0x32, 0x2f, 0x63, 0x6f, 0x6e,
  0x76, 0x6f, 0x6c, 0x75, 0x74, 0x69, 0x6f, 0x6e, 0x00, 0x00, 0x00, 0x00,
  0x01, 0x00, 0x00, 0x00, 0x40, 0x00, 0x00, 0x00, 0xf2, 0xf9, 0xff, 0xff,
  0x00, 0x00, 0x00, 0x01, 0x14, 0x00, 0x00, 0x00, 0xa8, 0x01, 0x00, 0x00,
  0x0a, 0x00, 0x00, 0x00, 0x00, 0x00, 0x00, 0x09, 0xbc, 0x01, 0x00, 0x00,
  0x74, 0xf9, 0xff, 0xff, 0x08, 0x00, 0x00, 0x00, 0x0c, 0x01, 0x00, 0x00,
  0x20, 0x00, 0x00, 0x00, 0x00, 0x00, 0x00, 0x00, 0x00, 0x00, 0x00, 0x00,
  0x00, 0x00, 0x00, 0x00, 0x00, 0x00, 0x00, 0x00, 0x00, 0x00, 0x00, 0x00,
  0x00, 0x00, 0x00, 0x00, 0x00, 0x00, 0x00, 0x00, 0x00, 0x00, 0x00, 0x00,
  0x00, 0x00, 0x00, 0x00, 0x00, 0x00, 0x00, 0x00, 0x00, 0x00, 0x00, 0x00,
  0x00, 0x00, 0x00, 0x00, 0x00, 0x00, 0x00, 0x00, 0x00, 0x00, 0x00, 0x00,
  0x00, 0x00, 0x00, 0x00, 0x00, 0x00, 0x00, 0x00, 0x00, 0x00, 0x00, 0x00,
  0x00, 0x00, 0x00, 0x00, 0x00, 0x00, 0x00, 0x00, 0x00, 0x00, 0x00, 0x00,
  0x00, 0x00, 0x00, 0x00, 0x00, 0x00, 0x00, 0x00, 0x00, 0x00, 0x00, 0x00,
  0x00, 0x00, 0x00, 0x00, 0x00, 0x00, 0x00, 0x00, 0x00, 0x00, 0x00, 0x00,
  0x00, 0x00, 0x00, 0x00, 0x00, 0x00, 0x00, 0x00, 0x00, 0x00, 0x00, 0x00,
  0x00, 0x00, 0x00, 0x00, 0x00, 0x00, 0x00, 0x00, 0x00, 0x00, 0x00, 0x00,
  0x00, 0x00, 0x00, 0x00, 0x00, 0x00, 0x00, 0x00, 0x00, 0x00, 0x00, 0x00,
  0x00, 0x00, 0x00, 0x00, 0x00, 0x00, 0x00, 0x00, 0x00, 0x00, 0x00, 0x00,
  0x00, 0x00, 0x00, 0x00, 0x00, 0x00, 0x00, 0x00, 0x00, 0x00, 0x00, 0x00,
  0x00, 0x00, 0x00, 0x00, 0x00, 0x00, 0x00, 0x00, 0x00, 0x00, 0x00, 0x00,
  0x00, 0x00, 0x00, 0x00, 0x00, 0x00, 0x00, 0x00, 0x00, 0x00, 0x00, 0x00,
  0x00, 0x00, 0x00, 0x00, 0x00, 0x00, 0x00, 0x00, 0x00, 0x00, 0x00, 0x00,
  0x00, 0x00, 0x00, 0x00, 0x00, 0x00, 0x00, 0x00, 0x00, 0x00, 0x00, 0x00,
  0x00, 0x00, 0x00, 0x00, 0x00, 0x00, 0x00, 0x00, 0x00, 0x00, 0x00, 0x00,
  0x00, 0x00, 0x00, 0x00, 0x00, 0x00, 0x00, 0x00, 0x00, 0x00, 0x00, 0x00,
  0x00, 0x00, 0x00, 0x00, 0x00, 0x00, 0x00, 0x00, 0x00, 0x00, 0x00, 0x00,
  0x00, 0x00, 0x00, 0x00, 0x00, 0x00, 0x00, 0x00, 0x00, 0x00, 0x00, 0x00,
  0x20, 0x00, 0x00, 0x00, 0x3c, 0x73, 0x39, 0x3b, 0x52, 0x12, 0x99, 0x3b,
  0xb5, 0xbb, 0x88, 0x3b, 0x62, 0x3a, 0xcc, 0x3b, 0x2f, 0x62, 0x3f, 0x3b,
  0x19, 0xbd, 0x8f, 0x3b, 0xf2, 0x2b, 0x3a, 0x3b, 0x6e, 0xf3, 0x5c, 0x3b,
  0xf1, 0xd1, 0x2a, 0x3b, 0xd2, 0x6c, 0x18, 0x3b, 0xea, 0x53, 0x64, 0x3b,
  0xfd, 0xed, 0x79, 0x3b, 0x1f, 0x35, 0xb0, 0x3b, 0xa4, 0x2a, 0x0b, 0x3b,
  0xaa, 0x93, 0x2a, 0x3b, 0x1e, 0x97, 0x87, 0x3b, 0x84, 0x50, 0x9b, 0x3b,
  0x36, 0xd7, 0x76, 0x3b, 0xe6, 0x9a, 0x8a, 0x3b, 0x8f, 0x45, 0x4e, 0x3b,
  0x90, 0xbe, 0x16, 0x3b, 0xc5, 0x79, 0x79, 0x3b, 0x79, 0xd3, 0x3a, 0x3b,
  0x41, 0xdb, 0x97, 0x3b, 0x16, 0x4a, 0x21, 0x3b, 0xa5, 0x0a, 0xb1, 0x3b,
  0xa5, 0x1b, 0x62, 0x3b, 0xb7, 0x8e, 0xbf, 0x3b, 0x68, 0x0b, 0x68, 0x3b,
  0x5e, 0xbc, 0x5b, 0x3b, 0x96, 0xe3, 0x91, 0x3b, 0xa3, 0xc2, 0x1e, 0x3b,
  0x1b, 0x00, 0x00, 0x00, 0x73, 0x65, 0x71, 0x75, 0x65, 0x6e, 0x74, 0x69,
  0x61, 0x6c, 0x5f, 0x31, 0x2f, 0x64, 0x65, 0x6e, 0x73, 0x65, 0x5f, 0x31,
  0x2f, 0x4d, 0x61, 0x74, 0x4d, 0x75, 0x6c, 0x00, 0x02, 0x00, 0x00, 0x00,
  0x20, 0x00, 0x00, 0x00, 0x40, 0x00, 0x00, 0x00, 0xd2, 0xfb, 0xff, 0xff,
  0x00, 0x00, 0x00, 0x01, 0x14, 0x00, 0x00, 0x00, 0xa8, 0x01, 0x00, 0x00,
  0x09, 0x00, 0x00, 0x00, 0x00, 0x00, 0x00, 0x02, 0xd8, 0x01, 0x00, 0x00,
  0x54, 0xfb, 0xff, 0xff, 0x08, 0x00, 0x00, 0x00, 0x0c, 0x01, 0x00, 0x00,
  0x20, 0x00, 0x00, 0x00, 0x00, 0x00, 0x00, 0x00, 0x00, 0x00, 0x00, 0x00,
  0x00, 0x00, 0x00, 0x00, 0x00, 0x00, 0x00, 0x00, 0x00, 0x00, 0x00, 0x00,
  0x00, 0x00, 0x00, 0x00, 0x00, 0x00, 0x00, 0x00, 0x00, 0x00, 0x00, 0x00,
  0x00, 0x00, 0x00, 0x00, 0x00, 0x00, 0x00, 0x00, 0x00, 0x00, 0x00, 0x00,
  0x00, 0x00, 0x00, 0x00, 0x00, 0x00, 0x00, 0x00, 0x00, 0x00, 0x00, 0x00,
  0x00, 0x00, 0x00, 0x00, 0x00, 0x00, 0x00, 0x00, 0x00, 0x00, 0x00, 0x00,
  0x00, 0x00, 0x00, 0x00, 0x00, 0x00, 0x00, 0x00, 0x00, 0x00, 0x00, 0x00,
  0x00, 0x00, 0x00, 0x00, 0x00, 0x00, 0x00, 0x00, 0x00, 0x00, 0x00, 0x00,
  0x00, 0x00, 0x00, 0x00, 0x00, 0x00, 0x00, 0x00, 0x00, 0x00, 0x00, 0x00,
  0x00, 0x00, 0x00, 0x00, 0x00, 0x00, 0x00, 0x00, 0x00, 0x00, 0x00, 0x00,
  0x00, 0x00, 0x00, 0x00, 0x00, 0x00, 0x00, 0x00, 0x00, 0x00, 0x00, 0x00,
  0x00, 0x00, 0x00, 0x00, 0x00, 0x00, 0x00, 0x00, 0x00, 0x00, 0x00, 0x00,
  0x00, 0x00, 0x00, 0x00, 0x00, 0x00, 0x00, 0x00, 0x00, 0x00, 0x00, 0x00,
  0x00, 0x00, 0x00, 0x00, 0x00, 0x00, 0x00, 0x00, 0x00, 0x00, 0x00, 0x00,
  0x00, 0x00, 0x00, 0x00, 0x00, 0x00, 0x00, 0x00, 0x00, 0x00, 0x00, 0x00,
  0x00, 0x00, 0x00, 0x00, 0x00, 0x00, 0x00, 0x00, 0x00, 0x00, 0x00, 0x00,
  0x00, 0x00, 0x00, 0x00, 0x00, 0x00, 0x00, 0x00, 0x00, 0x00, 0x00, 0x00,
  0x00, 0x00, 0x00, 0x00, 0x00, 0x00, 0x00, 0x00, 0x00, 0x00, 0x00, 0x00,
  0x00, 0x00, 0x00, 0x00, 0x00, 0x00, 0x00, 0x00, 0x00, 0x00, 0x00, 0x00,
  0x00, 0x00, 0x00, 0x00, 0x00, 0x00, 0x00, 0x00, 0x00, 0x00, 0x00, 0x00,
  0x00, 0x00, 0x00, 0x00, 0x00, 0x00, 0x00, 0x00, 0x00, 0x00, 0x00, 0x00,
  0x00, 0x00, 0x00, 0x00, 0x00, 0x00, 0x00, 0x00, 0x00, 0x00, 0x00, 0x00,
  0x20, 0x00, 0x00, 0x00, 0x88, 0xda, 0xc6, 0x3b, 0x88, 0x22, 0x24, 0x3c,
  0x9e, 0x9d, 0x12, 0x3c, 0x1f, 0xfd, 0x5a, 0x3c, 0x43, 0x37, 0xcd, 0x3b,
  0xa1, 0x20, 0x1a, 0x3c, 0x98, 0xa0, 0xc7, 0x3b, 0x95, 0xeb, 0xec, 0x3b,
  0x8c, 0x2a, 0xb7, 0x3b, 0x12, 0x71, 0xa3, 0x3b, 0x8e, 0xd4, 0xf4, 0x3b,
  0x29, 0xff, 0x05, 0x3c, 0x68, 0xf1, 0x3c, 0x3c, 0x93, 0x39, 0x95, 0x3b,
  0xc4, 0xe7, 0xb6, 0x3b, 0xe2, 0x63, 0x11, 0x3c, 0x3a, 0x8a, 0x26, 0x3c,
  0x32, 0x57, 0x04, 0x3c, 0x71, 0x9f, 0x14, 0x3c, 0x1c, 0x2e, 0xdd, 0x3b,
  0xb7, 0xa3, 0xa1, 0x3b, 0xda, 0xc0, 0x05, 0x3c, 0x3a, 0x54, 0xc8, 0x3b,
  0xfc, 0xd4, 0x22, 0x3c, 0x59, 0xf2, 0xac, 0x3b, 0x5d, 0xd6, 0x3d, 0x3c,
  0x37, 0x73, 0xf2, 0x3b, 0x03, 0x67, 0x4d, 0x3c, 0xd1, 0xd0, 0xf8, 0x3b,
  0x09, 0x9e, 0xeb, 0x3b, 0xe7, 0x6e, 0x1c, 0x3c, 0x1b, 0x3c, 0xaa, 0x3b,
  0x36, 0x00, 0x00, 0x00, 0x73, 0x65, 0x71, 0x75, 0x65, 0x6e, 0x74, 0x69,
  0x61, 0x6c, 0x5f, 0x31, 0x2f, 0x64, 0x65, 0x6e, 0x73, 0x65, 0x5f, 0x31,
  0x2f, 0x52, 0x65, 0x6c, 0x75, 0x3b, 0x73, 0x65, 0x71, 0x75, 0x65, 0x6e,
  0x74, 0x69, 0x61, 0x6c, 0x5f, 0x31, 0x2f, 0x64, 0x65, 0x6e, 0x73, 0x65,
  0x5f, 0x31, 0x2f, 0x42, 0x69, 0x61, 0x73, 0x41, 0x64, 0x64, 0x00, 0x00,
  0x01, 0x00, 0x00, 0x00, 0x20, 0x00, 0x00, 0x00, 0xca, 0xfd, 0xff, 0xff,
  0x00, 0x00, 0x00, 0x01, 0x14, 0x00, 0x00, 0x00, 0x3c, 0x00, 0x00, 0x00,
  0x08, 0x00, 0x00, 0x00, 0x00, 0x00, 0x00, 0x09, 0x54, 0x00, 0x00, 0x00,
  0x4c, 0xfd, 0xff, 0xff, 0x08, 0x00, 0x00, 0x00, 0x18, 0x00, 0x00, 0x00,
  0x02, 0x00, 0x00, 0x00, 0x00, 0x00, 0x00, 0x00, 0x00, 0x00, 0x00, 0x00,
  0x00, 0x00, 0x00, 0x00, 0x00, 0x00, 0x00, 0x00, 0x02, 0x00, 0x00, 0x00,
  0xb7, 0x28, 0x45, 0x3b, 0x04, 0x07, 0x5f, 0x3b, 0x1d, 0x00, 0x00, 0x00,
  0x73, 0x65, 0x71, 0x75, 0x65, 0x6e, 0x74, 0x69, 0x61, 0x6c, 0x5f, 0x31,
  0x2f, 0x64, 0x65, 0x6e, 0x73, 0x65, 0x5f, 0x31, 0x5f, 0x32, 0x2f, 0x4d,
  0x61, 0x74, 0x4d, 0x75, 0x6c, 0x00, 0x00, 0x00, 0x02, 0x00, 0x00, 0x00,
  0x02, 0x00, 0x00, 0x00, 0x20, 0x00, 0x00, 0x00, 0x42, 0xfe, 0xff, 0xff,
  0x00, 0x00, 0x00, 0x01, 0x14, 0x00, 0x00, 0x00, 0x40, 0x00, 0x00, 0x00,
  0x07, 0x00, 0x00, 0x00, 0x00, 0x00, 0x00, 0x02, 0x58, 0x00, 0x00, 0x00,
  0xc4, 0xfd, 0xff, 0xff, 0x08, 0x00, 0x00, 0x00, 0x1c, 0x00, 0x00, 0x00,
  0x02, 0x00, 0x00, 0x00, 0x00, 0x00, 0x00, 0x00, 0x00, 0x00, 0x00, 0x00,
  0x00, 0x00, 0x00, 0x00, 0x00, 0x00, 0x00, 0x00, 0x00, 0x00, 0x00, 0x00,
  0x02, 0x00, 0x00, 0x00, 0xaa, 0xcd, 0x09, 0x3b, 0x4b, 0xe2, 0x1b, 0x3b,
  0x1e, 0x00, 0x00, 0x00, 0x73, 0x65, 0x71, 0x75, 0x65, 0x6e, 0x74, 0x69,
  0x61, 0x6c, 0x5f, 0x31, 0x2f, 0x64, 0x65, 0x6e, 0x73, 0x65, 0x5f, 0x31,
  0x5f, 0x32, 0x2f, 0x42, 0x69, 0x61, 0x73, 0x41, 0x64, 0x64, 0x00, 0x00,
  0x01, 0x00, 0x00, 0x00, 0x02, 0x00, 0x00, 0x00, 0xba, 0xfe, 0xff, 0xff,
  0x00, 0x00, 0x00, 0x01, 0x14, 0x00, 0x00, 0x00, 0x14, 0x00, 0x00, 0x00,
  0x06, 0x00, 0x00, 0x00, 0x00, 0x00, 0x00, 0x02, 0x38, 0x00, 0x00, 0x00,
  0xa4, 0xfe, 0xff, 0xff, 0x2b, 0x00, 0x00, 0x00, 0x73, 0x65, 0x71, 0x75,
  0x65, 0x6e, 0x74, 0x69, 0x61, 0x6c, 0x5f, 0x31, 0x2f, 0x63, 0x6f, 0x6e,
  0x76, 0x31, 0x64, 0x5f, 0x31, 0x5f, 0x32, 0x2f, 0x63, 0x6f, 0x6e, 0x76,
  0x6f, 0x6c, 0x75, 0x74, 0x69, 0x6f, 0x6e, 0x2f, 0x53, 0x71, 0x75, 0x65,
  0x65, 0x7a, 0x65, 0x00, 0x01, 0x00, 0x00, 0x00, 0x03, 0x00, 0x00, 0x00,
  0x12, 0xff, 0xff, 0xff, 0x00, 0x00, 0x00, 0x01, 0x14, 0x00, 0x00, 0x00,
  0x14, 0x00, 0x00, 0x00, 0x05, 0x00, 0x00, 0x00, 0x00, 0x00, 0x00, 0x02,
  0x3c, 0x00, 0x00, 0x00, 0xfc, 0xfe, 0xff, 0xff, 0x2e, 0x00, 0x00, 0x00,
  0x73, 0x65, 0x71, 0x75, 0x65, 0x6e, 0x74, 0x69, 0x61, 0x6c, 0x5f, 0x31,
  0x2f, 0x6d, 0x61, 0x78, 0x5f, 0x70, 0x6f, 0x6f, 0x6c, 0x69, 0x6e, 0x67,
  0x31, 0x64, 0x5f, 0x31, 0x2f, 0x4d, 0x61, 0x78, 0x50, 0x6f, 0x6f, 0x6c,
  0x31, 0x64, 0x2f, 0x53, 0x71, 0x75, 0x65, 0x65, 0x7a, 0x65, 0x00, 0x00,
  0x01, 0x00, 0x00, 0x00, 0x03, 0x00, 0x00, 0x00, 0x6e, 0xff, 0xff, 0xff,
  0x00, 0x00, 0x00, 0x01, 0x14, 0x00, 0x00, 0x00, 0x14, 0x00, 0x00, 0x00,
  0x04, 0x00, 0x00, 0x00, 0x00, 0x00, 0x00, 0x02, 0x1c, 0x00, 0x00, 0x00,
  0x58, 0xff, 0xff, 0xff, 0x0e, 0x00, 0x00, 0x00, 0x61, 0x72, 0x69, 0x74,
  0x68, 0x2e, 0x63, 0x6f, 0x6e, 0x73, 0x74, 0x61, 0x6e, 0x74, 0x00, 0x00,
  0x00, 0x00, 0x00, 0x00, 0xa6, 0xff, 0xff, 0xff, 0x00, 0x00, 0x00, 0x01,
  0x14, 0x00, 0x00, 0x00, 0x14, 0x00, 0x00, 0x00, 0x03, 0x00, 0x00, 0x00,
  0x00, 0x00, 0x00, 0x02, 0x38, 0x00, 0x00, 0x00, 0x90, 0xff, 0xff, 0xff,
  0x29, 0x00, 0x00, 0x00, 0x73, 0x65, 0x71, 0x75, 0x65, 0x6e, 0x74, 0x69,
  0x61, 0x6c, 0x5f, 0x31, 0x2f, 0x63, 0x6f, 0x6e, 0x76, 0x31, 0x64, 0x5f,
  0x31, 0x2f, 0x63, 0x6f, 0x6e, 0x76, 0x6f, 0x6c, 0x75, 0x74, 0x69, 0x6f,
  0x6e, 0x2f, 0x53, 0x71, 0x75, 0x65, 0x65, 0x7a, 0x65, 0x00, 0x00, 0x00,
  0x01, 0x00, 0x00, 0x00, 0x03, 0x00, 0x00, 0x00, 0x00, 0x00, 0x16, 0x00,
  0x1c, 0x00, 0x18, 0x00, 0x17, 0x00, 0x10, 0x00, 0x0c, 0x00, 0x08, 0x00,
  0x00, 0x00, 0x00, 0x00, 0x00, 0x00, 0x07, 0x00, 0x16, 0x00, 0x00, 0x00,
  0x00, 0x00, 0x00, 0x01, 0x18, 0x00, 0x00, 0x00, 0x18, 0x00, 0x00, 0x00,
  0x02, 0x00, 0x00, 0x00, 0x00, 0x00, 0x00, 0x02, 0x20, 0x00, 0x00, 0x00,
  0x04, 0x00, 0x04, 0x00, 0x04, 0x00, 0x00, 0x00, 0x0f, 0x00, 0x00, 0x00,
  0x61, 0x72, 0x69, 0x74, 0x68, 0x2e, 0x63, 0x6f, 0x6e, 0x73, 0x74, 0x61,
  0x6e, 0x74, 0x31, 0x00, 0x00, 0x00, 0x00, 0x00, 0x00, 0x00, 0x16, 0x00,
  0x20, 0x00, 0x1c, 0x00, 0x1b, 0x00, 0x14, 0x00, 0x10, 0x00, 0x0c, 0x00,
  0x00, 0x00, 0x00, 0x00, 0x08, 0x00, 0x07, 0x00, 0x16, 0x00, 0x00, 0x00,
  0x00, 0x00, 0x00, 0x01, 0x18, 0x00, 0x00, 0x00, 0x30, 0x00, 0x00, 0x00,
  0x50, 0x00, 0x00, 0x00, 0x01, 0x00, 0x00, 0x00, 0x00, 0x00, 0x00, 0x09,
  0x68, 0x00, 0x00, 0x00, 0x03, 0x00, 0x00, 0x00, 0xff, 0xff, 0xff, 0xff,
  0xc8, 0x00, 0x00, 0x00, 0x06, 0x00, 0x00, 0x00, 0x0c, 0x00, 0x0c, 0x00,
  0x00, 0x00, 0x00, 0x00, 0x08, 0x00, 0x04, 0x00, 0x0c, 0x00, 0x00, 0x00,
  0x08, 0x00, 0x00, 0x00, 0x14, 0x00, 0x00, 0x00, 0x01, 0x00, 0x00, 0x00,
  0x0d, 0x00, 0x00, 0x00, 0x00, 0x00, 0x00, 0x00, 0x00, 0x00, 0x00, 0x00,
  0x01, 0x00, 0x00, 0x00, 0xa9, 0xa8, 0x80, 0x42, 0x1d, 0x00, 0x00, 0x00,
  0x73, 0x65, 0x72, 0x76, 0x69, 0x6e, 0x67, 0x5f, 0x64, 0x65, 0x66, 0x61,
  0x75, 0x6c, 0x74, 0x5f, 0x69, 0x6e, 0x70, 0x75, 0x74, 0x5f, 0x6c, 0x61,
  0x79, 0x65, 0x72, 0x3a, 0x30, 0x00, 0x00, 0x00, 0x03, 0x00, 0x00, 0x00,
  0x01, 0x00, 0x00, 0x00, 0xc8, 0x00, 0x00, 0x00, 0x06, 0x00, 0x00, 0x00,
  0x07, 0x00, 0x00, 0x00, 0x90, 0x00, 0x00, 0x00, 0x70, 0x00, 0x00, 0x00,
  0x54, 0x00, 0x00, 0x00, 0x40, 0x00, 0x00, 0x00, 0x2c, 0x00, 0x00, 0x00,
  0x18, 0x00, 0x00, 0x00, 0x04, 0x00, 0x00, 0x00, 0xb4, 0xff, 0xff, 0xff,
  0x19, 0x00, 0x00, 0x00, 0x02, 0x00, 0x00, 0x00, 0x00, 0x00, 0x00, 0x19,
  0xc4, 0xff, 0xff, 0xff, 0x09, 0x00, 0x00, 0x00, 0x04, 0x00, 0x00, 0x00,
  0x00, 0x00, 0x00, 0x09, 0xd4, 0xff, 0xff, 0xff, 0x28, 0x00, 0x00, 0x00,
  0x02, 0x00, 0x00, 0x00, 0x00, 0x00, 0x00, 0x28, 0xe4, 0xff, 0xff, 0xff,
  0x11, 0x00, 0x00, 0x00, 0x02, 0x00, 0x00, 0x00, 0x00, 0x00, 0x00, 0x11,
  0xd8, 0xff, 0xff, 0xff, 0x16, 0x00, 0x00, 0x00, 0x00, 0x00, 0x00, 0x16,
  0x0c, 0x00, 0x10, 0x00, 0x0f, 0x00, 0x00, 0x00, 0x08, 0x00, 0x04, 0x00,
  0x0c, 0x00, 0x00, 0x00, 0x03, 0x00, 0x00, 0x00, 0x03, 0x00, 0x00, 0x00,
  0x00, 0x00, 0x00, 0x03, 0x0c, 0x00, 0x0c, 0x00, 0x0b, 0x00, 0x00, 0x00,
  0x00, 0x00, 0x04, 0x00, 0x0c, 0x00, 0x00, 0x00, 0x46, 0x00, 0x00, 0x00,
  0x00, 0x00, 0x00, 0x46
};

const size_t spark_cnn_model_len = 18904;
